USE SimpleChatDB

SET IDENTITY_INSERT [SimpleChatDB].[dbo].[Members] ON;

INSERT INTO [SimpleChatDB].[dbo].[Members] ([Id], [NickName])
VALUES
(1, 'Donavon'),
(2, 'Mariette'),
(3, 'Staffard'),
(4, 'Hank'),
(5, 'Licha');

SET IDENTITY_INSERT [SimpleChatDB].[dbo].[Members] OFF;

SET IDENTITY_INSERT [SimpleChatDB].[dbo].[Talks] ON;

INSERT INTO [SimpleChatDB].[dbo].[Talks] ([Id], [Name], [IsPrivate])
VALUES
(1, 'Land Rover', 0),
(2, 'Cadillac', 0),
(3, 'Volkswagen', 0),
(4, 'Mitsubishi', 0),
(5, 'Mazda', 0),
(6, 'Ford', 0),
(7, 'Dodge', 0),
(8, 'Donavon_Mariette', 1),
(9, 'Donavon_Staffard', 1),
(10, 'Donavon_Hank', 1),
(11, 'Donavon_Licha', 1),
(12, 'Mariette_Staffard', 1),
(13, 'Mariette_Hank', 1),
(14, 'Mariette_Licha', 1),
(15, 'Staffard_Hank', 1),
(16, 'Staffard_Licha', 1),
(17, 'Hank_Licha', 1);

SET IDENTITY_INSERT [SimpleChatDB].[dbo].[Talks] OFF;

INSERT INTO [SimpleChatDB].[dbo].[MemberTalk] ([MembersId], [TalksId])
VALUES
(1, 1),
(2, 1),
(4, 1),
(5, 1),
(1, 2),
(2, 2),
(4, 2),
(1, 3),
(3, 3),
(4, 3),
(1, 4),
(2, 4),
(3, 4),
(5, 4),
(1, 5),
(4, 5),
(5, 5),
(1, 6),
(2, 6),
(3, 6),
(2, 7),
(3, 7),
(5, 7),
(1, 8),
(2, 8),
(1, 9),
(3, 9),
(1, 10),
(4, 10),
(1, 11),
(5, 11),
(2, 12),
(3, 12),
(2, 13),
(4, 13),
(2, 14),
(5, 14),
(3, 15),
(4, 15),
(3, 16),
(5, 16),
(4, 17),
(5, 17);

INSERT INTO [SimpleChatDB].[dbo].[Messages] ([Sender], [Text], [Created], [MemberId], [TalkId])
VALUES
('Donavon', 'Aenean fermentum.', '2022-08-15 00:23:52', 1, 8),
('Staffard', 'Nam dui.', '2022-08-15 00:38:44', 3, 6),
('Mariette', 'In quis justo. Maecenas rhoncus aliquam lacus.', '2022-08-15 00:44:02', 2, 12),
('Mariette', 'Etiam faucibus cursus urna. Ut tellus.', '2022-08-15 00:46:32', 2, 6),
('Licha', 'Vestibulum ante ipsum primis in faucibus orci luctus et ultrices posuere cubilia Curae; Donec pharetra, magna vestibulum aliquet ultrices, erat tortor sollicitudin mi, sit amet lobortis sapien sapien non mi.', '2022-08-15 00:52:00', 5, 4),
('Donavon', 'Suspendisse potenti. In eleifend quam a odio.', '2022-08-15 00:52:32', 1, 4),
('Hank', 'Proin eu mi. Nulla ac enim.', '2022-08-15 00:58:11', 4, 5),
('Mariette', 'In quis justo.', '2022-08-15 00:58:37', 2, 1),
('Licha', 'Duis consequat dui nec nisi volutpat eleifend. Donec ut dolor.', '2022-08-15 01:03:45', 5, 5),
('Licha', 'In eleifend quam a odio.', '2022-08-15 01:05:15', 5, 7),
('Mariette', 'Quisque erat eros, viverra eget, congue eget, semper rutrum, nulla. Nunc purus.', '2022-08-15 01:10:50', 2, 4),
('Donavon', 'Nulla neque libero, convallis eget, eleifend luctus, ultricies eu, nibh.', '2022-08-15 01:14:46', 1, 4),
('Licha', 'Nulla ac enim.', '2022-08-15 01:17:40', 5, 5),
('Hank', 'Duis mattis egestas metus.', '2022-08-15 01:35:59', 4, 1),
('Staffard', 'Mauris lacinia sapien quis libero.', '2022-08-15 01:39:20', 3, 12),
('Hank', 'Aliquam erat volutpat.', '2022-08-15 02:17:21', 4, 10),
('Donavon', 'Ut tellus.', '2022-08-15 02:18:12', 1, 10),
('Mariette', 'Praesent blandit lacinia erat. Vestibulum sed magna at nunc commodo placerat.', '2022-08-15 02:31:13', 2, 2),
('Donavon', 'Mauris sit amet eros. Suspendisse accumsan tortor quis turpis.', '2022-08-15 02:32:42', 1, 4),
('Licha', 'Vivamus vestibulum sagittis sapien.', '2022-08-15 02:46:16', 5, 7),
('Mariette', 'Morbi vel lectus in quam fringilla rhoncus. Mauris enim leo, rhoncus sed, vestibulum sit amet, cursus id, turpis.', '2022-08-15 03:00:06', 2, 7),
('Hank', 'Duis consequat dui nec nisi volutpat eleifend.', '2022-08-15 03:01:43', 4, 2),
('Staffard', 'Cras in purus eu magna vulputate luctus. Cum sociis natoque penatibus et magnis dis parturient montes, nascetur ridiculus mus.', '2022-08-15 03:02:35', 3, 4),
('Hank', 'Vivamus vestibulum sagittis sapien. Cum sociis natoque penatibus et magnis dis parturient montes, nascetur ridiculus mus.', '2022-08-15 03:33:15', 4, 10),
('Hank', 'Proin leo odio, porttitor id, consequat in, consequat ut, nulla. Sed accumsan felis.', '2022-08-15 03:44:15', 4, 1),
('Hank', 'In eleifend quam a odio. In hac habitasse platea dictumst.', '2022-08-15 03:44:23', 4, 5),
('Donavon', 'Vestibulum ac est lacinia nisi venenatis tristique. Fusce congue, diam id ornare imperdiet, sapien urna pretium nisl, ut volutpat sapien arcu sed augue.', '2022-08-15 03:46:56', 1, 5),
('Hank', 'Suspendisse ornare consequat lectus. In est risus, auctor sed, tristique in, tempus sit amet, sem.', '2022-08-15 04:04:10', 4, 2),
('Licha', 'Morbi non lectus. Aliquam sit amet diam in magna bibendum imperdiet.', '2022-08-15 04:05:43', 5, 5),
('Licha', 'Duis mattis egestas metus. Aenean fermentum.', '2022-08-15 04:12:31', 5, 14),
('Staffard', 'Pellentesque eget nunc. Donec quis orci eget orci vehicula condimentum.', '2022-08-15 04:27:20', 3, 7),
('Staffard', 'Suspendisse potenti.', '2022-08-15 04:39:20', 3, 15),
('Donavon', 'Vestibulum quam sapien, varius ut, blandit non, interdum in, ante. Vestibulum ante ipsum primis in faucibus orci luctus et ultrices posuere cubilia Curae; Duis faucibus accumsan odio.', '2022-08-15 04:46:32', 1, 5),
('Donavon', 'Ut at dolor quis odio consequat varius.', '2022-08-15 05:04:58', 1, 10),
('Mariette', 'Praesent blandit lacinia erat. Vestibulum sed magna at nunc commodo placerat.', '2022-08-15 05:08:39', 2, 7),
('Hank', 'Duis at velit eu est congue elementum. In hac habitasse platea dictumst.', '2022-08-15 05:19:54', 4, 5),
('Staffard', 'Integer aliquet, massa id lobortis convallis, tortor risus dapibus augue, vel accumsan tellus nisi eu orci. Mauris lacinia sapien quis libero.', '2022-08-15 05:21:41', 3, 15),
('Mariette', 'Fusce congue, diam id ornare imperdiet, sapien urna pretium nisl, ut volutpat sapien arcu sed augue. Aliquam erat volutpat.', '2022-08-15 05:25:01', 2, 1),
('Staffard', 'Donec posuere metus vitae ipsum. Aliquam non mauris.', '2022-08-15 05:45:37', 3, 6),
('Staffard', 'Suspendisse accumsan tortor quis turpis.', '2022-08-15 05:56:45', 3, 12),
('Licha', 'Aenean auctor gravida sem. Praesent id massa id nisl venenatis lacinia.', '2022-08-15 06:01:04', 5, 17),
('Donavon', 'Vestibulum rutrum rutrum neque.', '2022-08-15 06:09:53', 1, 6),
('Hank', 'Integer aliquet, massa id lobortis convallis, tortor risus dapibus augue, vel accumsan tellus nisi eu orci.', '2022-08-15 06:49:11', 4, 1),
('Mariette', 'Etiam faucibus cursus urna.', '2022-08-15 06:56:58', 2, 14),
('Staffard', 'Proin eu mi. Nulla ac enim.', '2022-08-15 07:02:02', 3, 9),
('Licha', 'Morbi ut odio. Cras mi pede, malesuada in, imperdiet et, commodo vulputate, justo.', '2022-08-15 07:12:37', 5, 1),
('Mariette', 'Morbi vel lectus in quam fringilla rhoncus. Mauris enim leo, rhoncus sed, vestibulum sit amet, cursus id, turpis.', '2022-08-15 07:16:41', 2, 12),
('Mariette', 'Pellentesque eget nunc.', '2022-08-15 07:20:52', 2, 12),
('Donavon', 'Morbi porttitor lorem id ligula.', '2022-08-15 07:22:01', 1, 2),
('Donavon', 'Nullam orci pede, venenatis non, sodales sed, tincidunt eu, felis.', '2022-08-15 07:26:41', 1, 5),
('Donavon', 'Curabitur at ipsum ac tellus semper interdum.', '2022-08-15 07:41:21', 1, 4),
('Licha', 'Sed sagittis. Nam congue, risus semper porta volutpat, quam pede lobortis ligula, sit amet eleifend pede libero quis orci.', '2022-08-15 07:46:04', 5, 11),
('Donavon', 'Nullam varius.', '2022-08-15 08:00:31', 1, 4),
('Staffard', 'Donec dapibus.', '2022-08-15 08:12:58', 3, 3),
('Hank', 'Vestibulum rutrum rutrum neque.', '2022-08-15 08:20:41', 4, 10),
('Donavon', 'Vestibulum ac est lacinia nisi venenatis tristique.', '2022-08-15 08:27:20', 1, 4),
('Staffard', 'In hac habitasse platea dictumst.', '2022-08-15 08:35:59', 3, 6),
('Staffard', 'Suspendisse ornare consequat lectus. In est risus, auctor sed, tristique in, tempus sit amet, sem.', '2022-08-15 08:36:14', 3, 7),
('Staffard', 'Vivamus metus arcu, adipiscing molestie, hendrerit at, vulputate vitae, nisl.', '2022-08-15 08:38:44', 3, 7),
('Hank', 'Aenean sit amet justo.', '2022-08-15 08:57:59', 4, 3),
('Licha', 'Donec dapibus. Duis at velit eu est congue elementum.', '2022-08-15 09:18:06', 5, 4),
('Hank', 'Integer aliquet, massa id lobortis convallis, tortor risus dapibus augue, vel accumsan tellus nisi eu orci. Mauris lacinia sapien quis libero.', '2022-08-15 09:21:53', 4, 5),
('Donavon', 'Curabitur gravida nisi at nibh.', '2022-08-15 09:36:20', 1, 3),
('Staffard', 'Nullam molestie nibh in lectus.', '2022-08-15 09:37:33', 3, 7),
('Licha', 'Nullam porttitor lacus at turpis. Donec posuere metus vitae ipsum.', '2022-08-15 09:41:52', 5, 5),
('Hank', 'Aliquam quis turpis eget elit sodales scelerisque.', '2022-08-15 09:42:57', 4, 10),
('Mariette', 'Nullam varius.', '2022-08-15 09:59:14', 2, 2),
('Donavon', 'Etiam pretium iaculis justo. In hac habitasse platea dictumst.', '2022-08-15 10:14:28', 1, 9),
('Mariette', 'Quisque arcu libero, rutrum ac, lobortis vel, dapibus at, diam. Nam tristique tortor eu pede.', '2022-08-15 10:36:35', 2, 6),
('Staffard', 'Integer a nibh.', '2022-08-15 10:41:58', 3, 9),
('Staffard', 'Donec diam neque, vestibulum eget, vulputate ut, ultrices vel, augue.', '2022-08-15 10:42:38', 3, 3),
('Hank', 'Nunc nisl.', '2022-08-15 10:46:27', 4, 17),
('Staffard', 'Suspendisse accumsan tortor quis turpis.', '2022-08-15 11:18:46', 3, 6),
('Donavon', 'Duis bibendum, felis sed interdum venenatis, turpis enim blandit mi, in porttitor pede justo eu massa. Donec dapibus.', '2022-08-15 11:22:06', 1, 10),
('Hank', 'Morbi non quam nec dui luctus rutrum.', '2022-08-15 11:22:55', 4, 5),
('Mariette', 'In tempor, turpis nec euismod scelerisque, quam turpis adipiscing lorem, vitae mattis nibh ligula nec sem. Duis aliquam convallis nunc.', '2022-08-15 11:41:34', 2, 8),
('Licha', 'Nullam sit amet turpis elementum ligula vehicula consequat. Morbi a ipsum.', '2022-08-15 11:48:02', 5, 7),
('Mariette', 'Aliquam augue quam, sollicitudin vitae, consectetuer eget, rutrum at, lorem.', '2022-08-15 11:56:05', 2, 2),
('Donavon', 'Aliquam augue quam, sollicitudin vitae, consectetuer eget, rutrum at, lorem. Integer tincidunt ante vel ipsum.', '2022-08-15 12:18:29', 1, 3),
('Mariette', 'Morbi non lectus. Aliquam sit amet diam in magna bibendum imperdiet.', '2022-08-15 12:38:48', 2, 2),
('Donavon', 'Fusce lacus purus, aliquet at, feugiat non, pretium quis, lectus. Suspendisse potenti.', '2022-08-15 12:43:42', 1, 4),
('Hank', 'Pellentesque viverra pede ac diam. Cras pellentesque volutpat dui.', '2022-08-15 12:43:52', 4, 15),
('Donavon', 'Aenean auctor gravida sem. Praesent id massa id nisl venenatis lacinia.', '2022-08-15 12:56:03', 1, 5),
('Mariette', 'Morbi vestibulum, velit id pretium iaculis, diam erat fermentum justo, nec condimentum neque sapien placerat ante.', '2022-08-15 13:09:18', 2, 4),
('Staffard', 'Nam nulla. Integer pede justo, lacinia eget, tincidunt eget, tempus vel, pede.', '2022-08-15 13:32:35', 3, 3),
('Staffard', 'Etiam pretium iaculis justo.', '2022-08-15 13:36:46', 3, 12),
('Donavon', 'Lorem ipsum dolor sit amet, consectetuer adipiscing elit.', '2022-08-15 14:11:27', 1, 1),
('Licha', 'Nullam porttitor lacus at turpis.', '2022-08-15 14:13:28', 5, 1),
('Mariette', 'Pellentesque ultrices mattis odio.', '2022-08-15 14:32:37', 2, 2),
('Staffard', 'Curabitur in libero ut massa volutpat convallis.', '2022-08-15 14:42:05', 3, 6),
('Staffard', 'Sed accumsan felis.', '2022-08-15 14:43:22', 3, 4),
('Licha', 'Morbi quis tortor id nulla ultrices aliquet.', '2022-08-15 14:50:33', 5, 5),
('Mariette', 'Etiam pretium iaculis justo. In hac habitasse platea dictumst.', '2022-08-15 15:04:31', 2, 2),
('Licha', 'Nullam sit amet turpis elementum ligula vehicula consequat. Morbi a ipsum.', '2022-08-15 15:06:33', 5, 4),
('Staffard', 'Cras non velit nec nisi vulputate nonummy.', '2022-08-15 15:11:42', 3, 4),
('Staffard', 'Nunc rhoncus dui vel sem.', '2022-08-15 15:16:14', 3, 9),
('Licha', 'Nulla nisl. Nunc nisl.', '2022-08-15 15:33:29', 5, 16),
('Mariette', 'Aliquam quis turpis eget elit sodales scelerisque.', '2022-08-15 15:45:32', 2, 2),
('Licha', 'Nam tristique tortor eu pede.', '2022-08-15 16:09:14', 5, 11),
('Staffard', 'Cum sociis natoque penatibus et magnis dis parturient montes, nascetur ridiculus mus. Etiam vel augue.', '2022-08-15 16:32:57', 3, 12),
('Mariette', 'Duis consequat dui nec nisi volutpat eleifend. Donec ut dolor.', '2022-08-15 17:02:44', 2, 6),
('Staffard', 'Quisque ut erat.', '2022-08-15 17:04:42', 3, 3),
('Licha', 'Nulla nisl.', '2022-08-15 17:13:20', 5, 5),
('Donavon', 'Praesent blandit lacinia erat.', '2022-08-15 17:15:05', 1, 6),
('Hank', 'Maecenas leo odio, condimentum id, luctus nec, molestie sed, justo. Pellentesque viverra pede ac diam.', '2022-08-15 17:19:17', 4, 15),
('Licha', 'Curabitur in libero ut massa volutpat convallis. Morbi odio odio, elementum eu, interdum eu, tincidunt in, leo.', '2022-08-15 17:28:55', 5, 1),
('Hank', 'Morbi non lectus.', '2022-08-15 17:30:35', 4, 5),
('Mariette', 'Proin at turpis a pede posuere nonummy. Integer non velit.', '2022-08-15 18:35:04', 2, 1),
('Mariette', 'Nulla mollis molestie lorem.', '2022-08-15 18:41:04', 2, 4),
('Hank', 'Nulla nisl.', '2022-08-15 18:48:26', 4, 3),
('Hank', 'Maecenas ut massa quis augue luctus tincidunt. Nulla mollis molestie lorem.', '2022-08-15 18:51:27', 4, 15),
('Donavon', 'Vivamus metus arcu, adipiscing molestie, hendrerit at, vulputate vitae, nisl. Aenean lectus.', '2022-08-15 18:57:24', 1, 9),
('Donavon', 'Ut tellus.', '2022-08-15 19:19:11', 1, 2),
('Hank', 'Morbi porttitor lorem id ligula.', '2022-08-15 19:20:28', 4, 2),
('Licha', 'Fusce congue, diam id ornare imperdiet, sapien urna pretium nisl, ut volutpat sapien arcu sed augue. Aliquam erat volutpat.', '2022-08-15 19:23:56', 5, 11),
('Donavon', 'Mauris sit amet eros. Suspendisse accumsan tortor quis turpis.', '2022-08-15 19:31:37', 1, 5),
('Mariette', 'Proin interdum mauris non ligula pellentesque ultrices.', '2022-08-15 19:33:14', 2, 14),
('Staffard', 'Nulla neque libero, convallis eget, eleifend luctus, ultricies eu, nibh. Quisque id justo sit amet sapien dignissim vestibulum.', '2022-08-15 19:36:52', 3, 16),
('Staffard', 'Proin risus. Praesent lectus.', '2022-08-15 19:41:50', 3, 4),
('Staffard', 'Nullam varius.', '2022-08-15 19:53:23', 3, 6),
('Staffard', 'Morbi sem mauris, laoreet ut, rhoncus aliquet, pulvinar sed, nisl.', '2022-08-15 19:54:50', 3, 15),
('Donavon', 'Fusce congue, diam id ornare imperdiet, sapien urna pretium nisl, ut volutpat sapien arcu sed augue. Aliquam erat volutpat.', '2022-08-15 19:58:33', 1, 3),
('Donavon', 'Phasellus in felis. Donec semper sapien a libero.', '2022-08-15 20:00:28', 1, 6),
('Licha', 'Praesent id massa id nisl venenatis lacinia. Aenean sit amet justo.', '2022-08-15 20:06:24', 5, 5),
('Licha', 'Nulla facilisi.', '2022-08-15 20:08:45', 5, 11),
('Hank', 'Donec quis orci eget orci vehicula condimentum.', '2022-08-15 20:26:10', 4, 15),
('Donavon', 'Praesent blandit.', '2022-08-15 20:29:04', 1, 9),
('Licha', 'Nulla suscipit ligula in lacus.', '2022-08-15 20:33:32', 5, 14),
('Staffard', 'Cum sociis natoque penatibus et magnis dis parturient montes, nascetur ridiculus mus.', '2022-08-15 20:38:14', 3, 7),
('Hank', 'Etiam faucibus cursus urna.', '2022-08-15 20:54:42', 4, 13),
('Donavon', 'Nullam molestie nibh in lectus. Pellentesque at nulla.', '2022-08-15 20:54:51', 1, 5),
('Hank', 'Aliquam augue quam, sollicitudin vitae, consectetuer eget, rutrum at, lorem. Integer tincidunt ante vel ipsum.', '2022-08-15 20:55:43', 4, 17),
('Mariette', 'Etiam pretium iaculis justo. In hac habitasse platea dictumst.', '2022-08-15 21:10:58', 2, 7),
('Hank', 'Donec posuere metus vitae ipsum.', '2022-08-15 21:37:47', 4, 2),
('Mariette', 'Pellentesque ultrices mattis odio. Donec vitae nisi.', '2022-08-15 21:40:23', 2, 6),
('Licha', 'Aenean auctor gravida sem.', '2022-08-15 22:04:56', 5, 4),
('Mariette', 'Nam congue, risus semper porta volutpat, quam pede lobortis ligula, sit amet eleifend pede libero quis orci. Nullam molestie nibh in lectus.', '2022-08-15 22:48:52', 2, 6),
('Mariette', 'Morbi non lectus.', '2022-08-15 22:49:14', 2, 1),
('Staffard', 'Fusce lacus purus, aliquet at, feugiat non, pretium quis, lectus.', '2022-08-15 22:52:27', 3, 9),
('Staffard', 'Nullam varius.', '2022-08-15 22:54:51', 3, 16),
('Hank', 'Ut tellus. Nulla ut erat id mauris vulputate elementum.', '2022-08-15 23:12:33', 4, 15),
('Hank', 'Phasellus in felis. Donec semper sapien a libero.', '2022-08-15 23:39:18', 4, 1),
('Staffard', 'In hac habitasse platea dictumst. Maecenas ut massa quis augue luctus tincidunt.', '2022-08-15 23:46:39', 3, 7),
('Staffard', 'Donec diam neque, vestibulum eget, vulputate ut, ultrices vel, augue. Vestibulum ante ipsum primis in faucibus orci luctus et ultrices posuere cubilia Curae; Donec pharetra, magna vestibulum aliquet ultrices, erat tortor sollicitudin mi, sit amet lobortis sapien sapien non mi.', '2022-08-15 23:47:28', 3, 7),
('Mariette', 'Duis aliquam convallis nunc. Proin at turpis a pede posuere nonummy.', '2022-08-16 00:04:44', 2, 6),
('Staffard', 'Duis bibendum, felis sed interdum venenatis, turpis enim blandit mi, in porttitor pede justo eu massa.', '2022-08-16 00:13:21', 3, 4),
('Mariette', 'Integer non velit. Donec diam neque, vestibulum eget, vulputate ut, ultrices vel, augue.', '2022-08-16 00:20:38', 2, 8),
('Staffard', 'Cras pellentesque volutpat dui.', '2022-08-16 00:37:06', 3, 9),
('Staffard', 'Vivamus in felis eu sapien cursus vestibulum. Proin eu mi.', '2022-08-16 00:53:20', 3, 15),
('Licha', 'Praesent blandit lacinia erat. Vestibulum sed magna at nunc commodo placerat.', '2022-08-16 01:00:54', 5, 16),
('Mariette', 'Morbi non quam nec dui luctus rutrum. Nulla tellus.', '2022-08-16 01:01:09', 2, 6),
('Hank', 'Quisque arcu libero, rutrum ac, lobortis vel, dapibus at, diam.', '2022-08-16 01:26:31', 4, 5),
('Staffard', 'Nulla nisl. Nunc nisl.', '2022-08-16 01:49:10', 3, 12),
('Licha', 'Maecenas leo odio, condimentum id, luctus nec, molestie sed, justo.', '2022-08-16 02:39:37', 5, 17),
('Staffard', 'Cum sociis natoque penatibus et magnis dis parturient montes, nascetur ridiculus mus. Etiam vel augue.', '2022-08-16 02:49:31', 3, 15),
('Hank', 'Etiam justo.', '2022-08-16 03:13:12', 4, 1),
('Hank', 'Curabitur convallis. Duis consequat dui nec nisi volutpat eleifend.', '2022-08-16 03:18:58', 4, 17),
('Donavon', 'Phasellus id sapien in sapien iaculis congue.', '2022-08-16 03:19:10', 1, 4),
('Donavon', 'Ut tellus.', '2022-08-16 03:42:36', 1, 6),
('Mariette', 'Morbi quis tortor id nulla ultrices aliquet. Maecenas leo odio, condimentum id, luctus nec, molestie sed, justo.', '2022-08-16 04:13:34', 2, 14),
('Licha', 'In blandit ultrices enim.', '2022-08-16 04:21:03', 5, 5),
('Mariette', 'Pellentesque at nulla.', '2022-08-16 04:30:07', 2, 2),
('Donavon', 'Ut at dolor quis odio consequat varius.', '2022-08-16 04:47:53', 1, 10),
('Staffard', 'Nulla mollis molestie lorem.', '2022-08-16 05:04:10', 3, 15),
('Mariette', 'Etiam faucibus cursus urna.', '2022-08-16 05:37:52', 2, 4),
('Donavon', 'Proin at turpis a pede posuere nonummy.', '2022-08-16 05:38:25', 1, 11),
('Staffard', 'Integer a nibh. In quis justo.', '2022-08-16 05:48:13', 3, 4),
('Hank', 'Aenean lectus.', '2022-08-16 06:05:36', 4, 1),
('Licha', 'Vestibulum ante ipsum primis in faucibus orci luctus et ultrices posuere cubilia Curae; Nulla dapibus dolor vel est. Donec odio justo, sollicitudin ut, suscipit a, feugiat et, eros.', '2022-08-16 06:09:00', 5, 7),
('Hank', 'Lorem ipsum dolor sit amet, consectetuer adipiscing elit. Proin interdum mauris non ligula pellentesque ultrices.', '2022-08-16 06:45:27', 4, 13),
('Donavon', 'Etiam justo. Etiam pretium iaculis justo.', '2022-08-16 06:54:05', 1, 6),
('Hank', 'Suspendisse ornare consequat lectus.', '2022-08-16 06:54:13', 4, 17),
('Licha', 'Nulla justo. Aliquam quis turpis eget elit sodales scelerisque.', '2022-08-16 06:55:06', 5, 16),
('Staffard', 'Lorem ipsum dolor sit amet, consectetuer adipiscing elit.', '2022-08-16 07:11:14', 3, 12),
('Mariette', 'Donec ut dolor. Morbi vel lectus in quam fringilla rhoncus.', '2022-08-16 07:21:03', 2, 12),
('Hank', 'Integer ac leo. Pellentesque ultrices mattis odio.', '2022-08-16 07:34:50', 4, 15),
('Donavon', 'Nam dui.', '2022-08-16 07:36:44', 1, 8),
('Staffard', 'Nulla mollis molestie lorem. Quisque ut erat.', '2022-08-16 07:40:17', 3, 4),
('Donavon', 'In hac habitasse platea dictumst.', '2022-08-16 07:44:52', 1, 2),
('Staffard', 'Suspendisse accumsan tortor quis turpis.', '2022-08-16 07:46:24', 3, 12),
('Hank', 'Praesent blandit lacinia erat. Vestibulum sed magna at nunc commodo placerat.', '2022-08-16 07:47:14', 4, 1),
('Hank', 'Nulla justo.', '2022-08-16 07:49:08', 4, 3),
('Staffard', 'Nullam sit amet turpis elementum ligula vehicula consequat.', '2022-08-16 07:49:41', 3, 7),
('Staffard', 'Quisque ut erat. Curabitur gravida nisi at nibh.', '2022-08-16 08:13:13', 3, 7),
('Donavon', 'Lorem ipsum dolor sit amet, consectetuer adipiscing elit. Proin risus.', '2022-08-16 08:21:55', 1, 10),
('Licha', 'Fusce lacus purus, aliquet at, feugiat non, pretium quis, lectus. Suspendisse potenti.', '2022-08-16 08:26:04', 5, 4),
('Staffard', 'Cras non velit nec nisi vulputate nonummy.', '2022-08-16 08:26:32', 3, 6),
('Mariette', 'In hac habitasse platea dictumst.', '2022-08-16 08:33:16', 2, 8),
('Mariette', 'Integer ac leo. Pellentesque ultrices mattis odio.', '2022-08-16 08:40:00', 2, 1),
('Staffard', 'Donec quis orci eget orci vehicula condimentum.', '2022-08-16 08:43:10', 3, 9),
('Hank', 'Morbi sem mauris, laoreet ut, rhoncus aliquet, pulvinar sed, nisl. Nunc rhoncus dui vel sem.', '2022-08-16 08:54:32', 4, 5),
('Mariette', 'Fusce lacus purus, aliquet at, feugiat non, pretium quis, lectus.', '2022-08-16 08:59:27', 2, 1),
('Donavon', 'Morbi vel lectus in quam fringilla rhoncus.', '2022-08-16 09:20:49', 1, 5),
('Licha', 'Vivamus vel nulla eget eros elementum pellentesque. Quisque porta volutpat erat.', '2022-08-16 09:24:08', 5, 11),
('Licha', 'Ut at dolor quis odio consequat varius. Integer ac leo.', '2022-08-16 09:31:30', 5, 1),
('Mariette', 'Nullam varius. Nulla facilisi.', '2022-08-16 09:33:57', 2, 13),
('Hank', 'Cras pellentesque volutpat dui.', '2022-08-16 09:37:58', 4, 17),
('Mariette', 'Nulla tempus. Vivamus in felis eu sapien cursus vestibulum.', '2022-08-16 09:46:52', 2, 1),
('Mariette', 'Nulla ut erat id mauris vulputate elementum. Nullam varius.', '2022-08-16 09:55:51', 2, 2),
('Licha', 'Morbi non lectus. Aliquam sit amet diam in magna bibendum imperdiet.', '2022-08-16 10:05:32', 5, 11),
('Hank', 'Nulla suscipit ligula in lacus.', '2022-08-16 10:21:03', 4, 15),
('Licha', 'Vestibulum quam sapien, varius ut, blandit non, interdum in, ante.', '2022-08-16 10:38:18', 5, 4),
('Hank', 'Pellentesque ultrices mattis odio.', '2022-08-16 10:47:47', 4, 13),
('Donavon', 'In eleifend quam a odio.', '2022-08-16 11:01:56', 1, 3),
('Licha', 'Quisque porta volutpat erat.', '2022-08-16 11:04:31', 5, 17),
('Mariette', 'Integer a nibh.', '2022-08-16 11:05:57', 2, 4),
('Donavon', 'Suspendisse ornare consequat lectus. In est risus, auctor sed, tristique in, tempus sit amet, sem.', '2022-08-16 11:12:15', 1, 11),
('Staffard', 'Vestibulum ante ipsum primis in faucibus orci luctus et ultrices posuere cubilia Curae; Nulla dapibus dolor vel est.', '2022-08-16 11:13:29', 3, 15),
('Licha', 'Duis at velit eu est congue elementum.', '2022-08-16 11:17:35', 5, 4),
('Staffard', 'Morbi porttitor lorem id ligula.', '2022-08-16 11:21:39', 3, 4),
('Donavon', 'In hac habitasse platea dictumst. Aliquam augue quam, sollicitudin vitae, consectetuer eget, rutrum at, lorem.', '2022-08-16 11:56:36', 1, 8),
('Hank', 'Vestibulum quam sapien, varius ut, blandit non, interdum in, ante.', '2022-08-16 11:58:37', 4, 2),
('Staffard', 'Morbi vestibulum, velit id pretium iaculis, diam erat fermentum justo, nec condimentum neque sapien placerat ante. Nulla justo.', '2022-08-16 11:59:25', 3, 4),
('Licha', 'Nullam porttitor lacus at turpis.', '2022-08-16 12:10:34', 5, 16),
('Mariette', 'Nam congue, risus semper porta volutpat, quam pede lobortis ligula, sit amet eleifend pede libero quis orci. Nullam molestie nibh in lectus.', '2022-08-16 12:28:42', 2, 14),
('Staffard', 'Sed vel enim sit amet nunc viverra dapibus. Nulla suscipit ligula in lacus.', '2022-08-16 12:32:46', 3, 4),
('Licha', 'Proin interdum mauris non ligula pellentesque ultrices. Phasellus id sapien in sapien iaculis congue.', '2022-08-16 12:45:24', 5, 17),
('Hank', 'Duis consequat dui nec nisi volutpat eleifend.', '2022-08-16 12:59:21', 4, 15),
('Donavon', 'Nullam orci pede, venenatis non, sodales sed, tincidunt eu, felis.', '2022-08-16 12:59:52', 1, 2),
('Donavon', 'Donec diam neque, vestibulum eget, vulputate ut, ultrices vel, augue. Vestibulum ante ipsum primis in faucibus orci luctus et ultrices posuere cubilia Curae; Donec pharetra, magna vestibulum aliquet ultrices, erat tortor sollicitudin mi, sit amet lobortis sapien sapien non mi.', '2022-08-16 13:00:16', 1, 1),
('Hank', 'Nulla neque libero, convallis eget, eleifend luctus, ultricies eu, nibh.', '2022-08-16 13:12:16', 4, 5),
('Donavon', 'Nullam molestie nibh in lectus. Pellentesque at nulla.', '2022-08-16 13:21:19', 1, 5),
('Licha', 'Nam nulla.', '2022-08-16 13:27:41', 5, 5),
('Donavon', 'Duis ac nibh.', '2022-08-16 13:33:02', 1, 2),
('Mariette', 'Integer aliquet, massa id lobortis convallis, tortor risus dapibus augue, vel accumsan tellus nisi eu orci. Mauris lacinia sapien quis libero.', '2022-08-16 13:47:06', 2, 7),
('Donavon', 'Cum sociis natoque penatibus et magnis dis parturient montes, nascetur ridiculus mus. Etiam vel augue.', '2022-08-16 13:53:38', 1, 10),
('Licha', 'Cum sociis natoque penatibus et magnis dis parturient montes, nascetur ridiculus mus. Etiam vel augue.', '2022-08-16 14:03:54', 5, 16),
('Licha', 'Vestibulum quam sapien, varius ut, blandit non, interdum in, ante.', '2022-08-16 14:06:19', 5, 5),
('Mariette', 'Maecenas rhoncus aliquam lacus. Morbi quis tortor id nulla ultrices aliquet.', '2022-08-16 14:12:07', 2, 4),
('Hank', 'Etiam vel augue.', '2022-08-16 14:17:27', 4, 17),
('Licha', 'Suspendisse potenti. Nullam porttitor lacus at turpis.', '2022-08-16 14:20:33', 5, 14),
('Hank', 'Pellentesque eget nunc.', '2022-08-16 14:24:03', 4, 10),
('Donavon', 'Pellentesque viverra pede ac diam.', '2022-08-16 14:31:41', 1, 3),
('Staffard', 'Nunc purus.', '2022-08-16 14:33:38', 3, 15),
('Mariette', 'Pellentesque eget nunc.', '2022-08-16 14:36:51', 2, 12),
('Mariette', 'In eleifend quam a odio. In hac habitasse platea dictumst.', '2022-08-16 15:00:46', 2, 1),
('Mariette', 'Morbi odio odio, elementum eu, interdum eu, tincidunt in, leo.', '2022-08-16 15:05:37', 2, 12),
('Donavon', 'In hac habitasse platea dictumst.', '2022-08-16 15:16:11', 1, 8),
('Staffard', 'Mauris lacinia sapien quis libero. Nullam sit amet turpis elementum ligula vehicula consequat.', '2022-08-16 15:31:04', 3, 16),
('Hank', 'Integer a nibh. In quis justo.', '2022-08-16 15:32:28', 4, 2),
('Staffard', 'Aenean fermentum. Donec ut mauris eget massa tempor convallis.', '2022-08-16 15:33:01', 3, 7),
('Mariette', 'Mauris enim leo, rhoncus sed, vestibulum sit amet, cursus id, turpis.', '2022-08-16 15:50:36', 2, 12),
('Licha', 'Vivamus vestibulum sagittis sapien.', '2022-08-16 15:51:25', 5, 17),
('Hank', 'Nunc purus.', '2022-08-16 15:55:45', 4, 15),
('Donavon', 'Suspendisse potenti. Nullam porttitor lacus at turpis.', '2022-08-16 16:07:25', 1, 3),
('Mariette', 'In blandit ultrices enim.', '2022-08-16 16:08:55', 2, 13),
('Hank', 'Donec semper sapien a libero.', '2022-08-16 16:25:03', 4, 17),
('Mariette', 'Sed ante.', '2022-08-16 16:29:50', 2, 12),
('Hank', 'In eleifend quam a odio.', '2022-08-16 17:18:32', 4, 10),
('Donavon', 'Mauris sit amet eros. Suspendisse accumsan tortor quis turpis.', '2022-08-16 17:35:54', 1, 3),
('Mariette', 'Ut tellus. Nulla ut erat id mauris vulputate elementum.', '2022-08-16 17:55:30', 2, 4),
('Donavon', 'Proin interdum mauris non ligula pellentesque ultrices. Phasellus id sapien in sapien iaculis congue.', '2022-08-16 17:58:53', 1, 4),
('Donavon', 'Nulla facilisi. Cras non velit nec nisi vulputate nonummy.', '2022-08-16 18:13:23', 1, 3),
('Donavon', 'Integer a nibh.', '2022-08-16 18:21:18', 1, 3),
('Staffard', 'In eleifend quam a odio. In hac habitasse platea dictumst.', '2022-08-16 18:31:33', 3, 3),
('Staffard', 'Cras mi pede, malesuada in, imperdiet et, commodo vulputate, justo.', '2022-08-16 18:44:25', 3, 3),
('Hank', 'Integer ac neque.', '2022-08-16 18:56:47', 4, 15),
('Mariette', 'Nullam molestie nibh in lectus. Pellentesque at nulla.', '2022-08-16 19:01:36', 2, 12),
('Staffard', 'Praesent lectus.', '2022-08-16 19:03:34', 3, 6),
('Staffard', 'Maecenas rhoncus aliquam lacus. Morbi quis tortor id nulla ultrices aliquet.', '2022-08-16 19:15:03', 3, 12),
('Staffard', 'Maecenas ut massa quis augue luctus tincidunt.', '2022-08-16 19:26:47', 3, 15),
('Licha', 'Vestibulum ac est lacinia nisi venenatis tristique.', '2022-08-16 19:33:10', 5, 11),
('Mariette', 'Cras mi pede, malesuada in, imperdiet et, commodo vulputate, justo. In blandit ultrices enim.', '2022-08-16 19:33:26', 2, 1),
('Donavon', 'Maecenas tristique, est et tempus semper, est quam pharetra magna, ac consequat metus sapien ut nunc.', '2022-08-16 19:35:01', 1, 5),
('Donavon', 'Fusce consequat.', '2022-08-16 20:04:25', 1, 1),
('Hank', 'Maecenas ut massa quis augue luctus tincidunt.', '2022-08-16 20:06:52', 4, 15),
('Staffard', 'Nullam molestie nibh in lectus.', '2022-08-16 20:16:32', 3, 12),
('Mariette', 'Donec dapibus. Duis at velit eu est congue elementum.', '2022-08-16 20:30:31', 2, 12),
('Staffard', 'Nam nulla.', '2022-08-16 20:30:49', 3, 7),
('Staffard', 'Lorem ipsum dolor sit amet, consectetuer adipiscing elit. Proin interdum mauris non ligula pellentesque ultrices.', '2022-08-16 20:31:48', 3, 4),
('Hank', 'Mauris sit amet eros. Suspendisse accumsan tortor quis turpis.', '2022-08-16 21:00:45', 4, 10),
('Mariette', 'Praesent blandit.', '2022-08-16 21:04:23', 2, 6),
('Mariette', 'Praesent id massa id nisl venenatis lacinia.', '2022-08-16 21:09:35', 2, 12),
('Licha', 'Praesent id massa id nisl venenatis lacinia.', '2022-08-16 21:13:41', 5, 4),
('Donavon', 'Sed vel enim sit amet nunc viverra dapibus. Nulla suscipit ligula in lacus.', '2022-08-16 21:16:10', 1, 4),
('Licha', 'Maecenas rhoncus aliquam lacus. Morbi quis tortor id nulla ultrices aliquet.', '2022-08-16 21:27:20', 5, 11),
('Donavon', 'In hac habitasse platea dictumst.', '2022-08-16 21:32:00', 1, 6),
('Licha', 'Vestibulum quam sapien, varius ut, blandit non, interdum in, ante. Vestibulum ante ipsum primis in faucibus orci luctus et ultrices posuere cubilia Curae; Duis faucibus accumsan odio.', '2022-08-16 22:19:45', 5, 4),
('Donavon', 'Nullam sit amet turpis elementum ligula vehicula consequat.', '2022-08-16 22:25:50', 1, 8),
('Licha', 'Maecenas pulvinar lobortis est. Phasellus sit amet erat.', '2022-08-16 22:28:09', 5, 14),
('Staffard', 'Proin interdum mauris non ligula pellentesque ultrices.', '2022-08-16 22:29:28', 3, 6),
('Licha', 'Nulla tempus.', '2022-08-16 22:34:13', 5, 16),
('Licha', 'Morbi vel lectus in quam fringilla rhoncus.', '2022-08-16 22:41:49', 5, 1),
('Staffard', 'In quis justo. Maecenas rhoncus aliquam lacus.', '2022-08-16 23:03:43', 3, 9),
('Staffard', 'Nam nulla.', '2022-08-16 23:38:57', 3, 9),
('Mariette', 'Quisque id justo sit amet sapien dignissim vestibulum. Vestibulum ante ipsum primis in faucibus orci luctus et ultrices posuere cubilia Curae; Nulla dapibus dolor vel est.', '2022-08-16 23:58:05', 2, 2),
('Hank', 'Maecenas tincidunt lacus at velit.', '2022-08-17 00:08:07', 4, 5),
('Donavon', 'Nam congue, risus semper porta volutpat, quam pede lobortis ligula, sit amet eleifend pede libero quis orci.', '2022-08-17 00:16:57', 1, 10),
('Staffard', 'Fusce consequat. Nulla nisl.', '2022-08-17 00:19:03', 3, 12),
('Hank', 'Lorem ipsum dolor sit amet, consectetuer adipiscing elit. Proin interdum mauris non ligula pellentesque ultrices.', '2022-08-17 00:32:31', 4, 1),
('Licha', 'Nulla suscipit ligula in lacus.', '2022-08-17 00:37:11', 5, 16),
('Staffard', 'Pellentesque at nulla.', '2022-08-17 00:59:33', 3, 15),
('Hank', 'Vestibulum ante ipsum primis in faucibus orci luctus et ultrices posuere cubilia Curae; Donec pharetra, magna vestibulum aliquet ultrices, erat tortor sollicitudin mi, sit amet lobortis sapien sapien non mi. Integer ac neque.', '2022-08-17 01:03:49', 4, 1),
('Mariette', 'Curabitur in libero ut massa volutpat convallis. Morbi odio odio, elementum eu, interdum eu, tincidunt in, leo.', '2022-08-17 01:04:13', 2, 12),
('Mariette', 'Quisque erat eros, viverra eget, congue eget, semper rutrum, nulla. Nunc purus.', '2022-08-17 01:27:11', 2, 6),
('Donavon', 'Integer tincidunt ante vel ipsum. Praesent blandit lacinia erat.', '2022-08-17 01:41:45', 1, 4),
('Hank', 'Donec semper sapien a libero. Nam dui.', '2022-08-17 01:43:56', 4, 3),
('Staffard', 'Aliquam augue quam, sollicitudin vitae, consectetuer eget, rutrum at, lorem. Integer tincidunt ante vel ipsum.', '2022-08-17 01:50:05', 3, 6),
('Staffard', 'Etiam pretium iaculis justo. In hac habitasse platea dictumst.', '2022-08-17 02:06:42', 3, 4),
('Staffard', 'Suspendisse potenti. In eleifend quam a odio.', '2022-08-17 02:08:48', 3, 3),
('Staffard', 'Aliquam augue quam, sollicitudin vitae, consectetuer eget, rutrum at, lorem.', '2022-08-17 02:38:02', 3, 4),
('Mariette', 'Nullam orci pede, venenatis non, sodales sed, tincidunt eu, felis. Fusce posuere felis sed lacus.', '2022-08-17 02:40:48', 2, 7),
('Licha', 'Morbi vel lectus in quam fringilla rhoncus.', '2022-08-17 03:14:09', 5, 4),
('Licha', 'Aenean lectus.', '2022-08-17 03:14:29', 5, 4),
('Mariette', 'Quisque ut erat. Curabitur gravida nisi at nibh.', '2022-08-17 03:22:13', 2, 1),
('Hank', 'Nulla suscipit ligula in lacus. Curabitur at ipsum ac tellus semper interdum.', '2022-08-17 04:01:09', 4, 15),
('Donavon', 'Fusce consequat.', '2022-08-17 04:05:04', 1, 2),
('Licha', 'Phasellus in felis. Donec semper sapien a libero.', '2022-08-17 04:05:40', 5, 7),
('Staffard', 'Morbi odio odio, elementum eu, interdum eu, tincidunt in, leo.', '2022-08-17 04:13:20', 3, 9),
('Staffard', 'Curabitur at ipsum ac tellus semper interdum.', '2022-08-17 04:15:18', 3, 6),
('Donavon', 'Morbi odio odio, elementum eu, interdum eu, tincidunt in, leo.', '2022-08-17 04:24:43', 1, 2),
('Hank', 'Etiam faucibus cursus urna. Ut tellus.', '2022-08-17 04:32:52', 4, 17),
('Mariette', 'In sagittis dui vel nisl. Duis ac nibh.', '2022-08-17 04:36:28', 2, 8),
('Staffard', 'Donec vitae nisi.', '2022-08-17 04:49:44', 3, 15),
('Mariette', 'Vivamus in felis eu sapien cursus vestibulum.', '2022-08-17 04:49:49', 2, 4),
('Hank', 'Curabitur at ipsum ac tellus semper interdum.', '2022-08-17 05:06:34', 4, 3),
('Hank', 'Aliquam erat volutpat.', '2022-08-17 05:14:11', 4, 5),
('Mariette', 'Phasellus in felis. Donec semper sapien a libero.', '2022-08-17 05:22:01', 2, 13),
('Staffard', 'Duis consequat dui nec nisi volutpat eleifend. Donec ut dolor.', '2022-08-17 05:22:07', 3, 4),
('Mariette', 'Nunc nisl.', '2022-08-17 05:31:23', 2, 4),
('Donavon', 'Praesent blandit lacinia erat. Vestibulum sed magna at nunc commodo placerat.', '2022-08-17 05:36:17', 1, 9),
('Mariette', 'Morbi ut odio.', '2022-08-17 05:44:49', 2, 4),
('Donavon', 'Nullam orci pede, venenatis non, sodales sed, tincidunt eu, felis.', '2022-08-17 06:05:46', 1, 6),
('Mariette', 'Donec diam neque, vestibulum eget, vulputate ut, ultrices vel, augue. Vestibulum ante ipsum primis in faucibus orci luctus et ultrices posuere cubilia Curae; Donec pharetra, magna vestibulum aliquet ultrices, erat tortor sollicitudin mi, sit amet lobortis sapien sapien non mi.', '2022-08-17 06:10:06', 2, 14),
('Staffard', 'Quisque erat eros, viverra eget, congue eget, semper rutrum, nulla.', '2022-08-17 06:24:33', 3, 6),
('Donavon', 'Integer pede justo, lacinia eget, tincidunt eget, tempus vel, pede. Morbi porttitor lorem id ligula.', '2022-08-17 06:34:22', 1, 9),
('Licha', 'Nulla tempus. Vivamus in felis eu sapien cursus vestibulum.', '2022-08-17 06:44:31', 5, 1),
('Donavon', 'Donec odio justo, sollicitudin ut, suscipit a, feugiat et, eros. Vestibulum ac est lacinia nisi venenatis tristique.', '2022-08-17 06:51:15', 1, 8),
('Licha', 'Nullam orci pede, venenatis non, sodales sed, tincidunt eu, felis. Fusce posuere felis sed lacus.', '2022-08-17 06:58:24', 5, 5),
('Donavon', 'Morbi ut odio. Cras mi pede, malesuada in, imperdiet et, commodo vulputate, justo.', '2022-08-17 07:06:12', 1, 3),
('Hank', 'Phasellus id sapien in sapien iaculis congue.', '2022-08-17 07:54:48', 4, 17),
('Donavon', 'Vestibulum ante ipsum primis in faucibus orci luctus et ultrices posuere cubilia Curae; Donec pharetra, magna vestibulum aliquet ultrices, erat tortor sollicitudin mi, sit amet lobortis sapien sapien non mi.', '2022-08-17 07:58:57', 1, 1),
('Donavon', 'Donec ut mauris eget massa tempor convallis. Nulla neque libero, convallis eget, eleifend luctus, ultricies eu, nibh.', '2022-08-17 08:12:24', 1, 8),
('Hank', 'Integer pede justo, lacinia eget, tincidunt eget, tempus vel, pede.', '2022-08-17 08:30:33', 4, 2),
('Staffard', 'Morbi non lectus.', '2022-08-17 08:35:35', 3, 7),
('Hank', 'Lorem ipsum dolor sit amet, consectetuer adipiscing elit.', '2022-08-17 08:54:29', 4, 5),
('Staffard', 'Quisque id justo sit amet sapien dignissim vestibulum. Vestibulum ante ipsum primis in faucibus orci luctus et ultrices posuere cubilia Curae; Nulla dapibus dolor vel est.', '2022-08-17 09:11:43', 3, 12),
('Staffard', 'Cras mi pede, malesuada in, imperdiet et, commodo vulputate, justo. In blandit ultrices enim.', '2022-08-17 09:14:04', 3, 16),
('Hank', 'Morbi ut odio.', '2022-08-17 09:19:21', 4, 15),
('Licha', 'Quisque ut erat.', '2022-08-17 09:47:31', 5, 17),
('Mariette', 'Nullam sit amet turpis elementum ligula vehicula consequat. Morbi a ipsum.', '2022-08-17 09:57:05', 2, 8),
('Mariette', 'Proin at turpis a pede posuere nonummy.', '2022-08-17 10:36:31', 2, 14),
('Mariette', 'Aenean fermentum.', '2022-08-17 10:39:00', 2, 12),
('Donavon', 'In blandit ultrices enim. Lorem ipsum dolor sit amet, consectetuer adipiscing elit.', '2022-08-17 10:40:29', 1, 3),
('Licha', 'Mauris sit amet eros.', '2022-08-17 10:51:08', 5, 4),
('Mariette', 'Phasellus sit amet erat. Nulla tempus.', '2022-08-17 10:53:34', 2, 8),
('Licha', 'Integer ac neque. Duis bibendum.', '2022-08-17 10:53:56', 5, 5),
('Hank', 'In congue. Etiam justo.', '2022-08-17 11:24:20', 4, 1),
('Hank', 'Cras mi pede, malesuada in, imperdiet et, commodo vulputate, justo. In blandit ultrices enim.', '2022-08-17 11:31:58', 4, 13),
('Donavon', 'Vestibulum rutrum rutrum neque.', '2022-08-17 11:55:36', 1, 3),
('Hank', 'Nulla mollis molestie lorem. Quisque ut erat.', '2022-08-17 11:56:38', 4, 1),
('Staffard', 'Donec quis orci eget orci vehicula condimentum. Curabitur in libero ut massa volutpat convallis.', '2022-08-17 11:58:41', 3, 4),
('Hank', 'Nunc nisl.', '2022-08-17 12:05:04', 4, 2),
('Donavon', 'Morbi non quam nec dui luctus rutrum.', '2022-08-17 12:16:23', 1, 10),
('Donavon', 'Ut at dolor quis odio consequat varius.', '2022-08-17 12:16:54', 1, 6),
('Mariette', 'Vivamus vel nulla eget eros elementum pellentesque. Quisque porta volutpat erat.', '2022-08-17 12:20:15', 2, 4),
('Licha', 'Vestibulum ante ipsum primis in faucibus orci luctus et ultrices posuere cubilia Curae; Mauris viverra diam vitae quam.', '2022-08-17 12:31:06', 5, 7),
('Licha', 'Cras non velit nec nisi vulputate nonummy.', '2022-08-17 12:34:32', 5, 16),
('Staffard', 'Nulla justo.', '2022-08-17 12:39:48', 3, 7),
('Donavon', 'Aliquam erat volutpat.', '2022-08-17 12:47:17', 1, 2),
('Hank', 'Nunc purus.', '2022-08-17 12:57:58', 4, 10),
('Mariette', 'Suspendisse ornare consequat lectus.', '2022-08-17 13:04:45', 2, 6),
('Mariette', 'Sed accumsan felis.', '2022-08-17 13:30:54', 2, 6),
('Staffard', 'Phasellus in felis.', '2022-08-17 13:48:23', 3, 15),
('Hank', 'Maecenas leo odio, condimentum id, luctus nec, molestie sed, justo. Pellentesque viverra pede ac diam.', '2022-08-17 13:56:59', 4, 3),
('Hank', 'In tempor, turpis nec euismod scelerisque, quam turpis adipiscing lorem, vitae mattis nibh ligula nec sem. Duis aliquam convallis nunc.', '2022-08-17 14:01:57', 4, 5),
('Staffard', 'Praesent blandit. Nam nulla.', '2022-08-17 14:33:22', 3, 16),
('Hank', 'Quisque arcu libero, rutrum ac, lobortis vel, dapibus at, diam.', '2022-08-17 14:35:56', 4, 15),
('Licha', 'Pellentesque viverra pede ac diam.', '2022-08-17 14:45:51', 5, 17),
('Mariette', 'Nulla facilisi. Cras non velit nec nisi vulputate nonummy.', '2022-08-17 14:52:29', 2, 2),
('Mariette', 'Duis consequat dui nec nisi volutpat eleifend.', '2022-08-17 15:00:17', 2, 12),
('Hank', 'Nunc purus. Phasellus in felis.', '2022-08-17 15:05:58', 4, 5),
('Hank', 'Etiam faucibus cursus urna.', '2022-08-17 15:18:18', 4, 15),
('Mariette', 'Duis ac nibh.', '2022-08-17 15:27:52', 2, 12),
('Donavon', 'Aliquam augue quam, sollicitudin vitae, consectetuer eget, rutrum at, lorem.', '2022-08-17 15:28:17', 1, 6),
('Hank', 'Fusce consequat. Nulla nisl.', '2022-08-17 15:33:25', 4, 17),
('Hank', 'Suspendisse potenti. Nullam porttitor lacus at turpis.', '2022-08-17 15:43:40', 4, 5),
('Licha', 'Aliquam non mauris. Morbi non lectus.', '2022-08-17 15:44:19', 5, 11),
('Donavon', 'Nulla tempus. Vivamus in felis eu sapien cursus vestibulum.', '2022-08-17 15:48:54', 1, 2),
('Mariette', 'Nulla tempus. Vivamus in felis eu sapien cursus vestibulum.', '2022-08-17 15:57:55', 2, 1),
('Mariette', 'Aliquam non mauris. Morbi non lectus.', '2022-08-17 16:09:16', 2, 14),
('Mariette', 'Integer pede justo, lacinia eget, tincidunt eget, tempus vel, pede. Morbi porttitor lorem id ligula.', '2022-08-17 16:17:59', 2, 4),
('Mariette', 'Duis bibendum. Morbi non quam nec dui luctus rutrum.', '2022-08-17 16:18:10', 2, 13),
('Donavon', 'Cras mi pede, malesuada in, imperdiet et, commodo vulputate, justo. In blandit ultrices enim.', '2022-08-17 16:33:19', 1, 9),
('Hank', 'Nulla facilisi.', '2022-08-17 16:37:25', 4, 3),
('Mariette', 'Cum sociis natoque penatibus et magnis dis parturient montes, nascetur ridiculus mus.', '2022-08-17 17:04:28', 2, 12),
('Mariette', 'Proin at turpis a pede posuere nonummy. Integer non velit.', '2022-08-17 17:22:38', 2, 6),
('Licha', 'Aenean sit amet justo. Morbi ut odio.', '2022-08-17 17:27:25', 5, 11),
('Licha', 'Morbi porttitor lorem id ligula. Suspendisse ornare consequat lectus.', '2022-08-17 17:36:32', 5, 4),
('Licha', 'Nulla tellus.', '2022-08-17 17:59:29', 5, 17),
('Mariette', 'Cras in purus eu magna vulputate luctus.', '2022-08-17 18:00:35', 2, 14),
('Donavon', 'Aliquam sit amet diam in magna bibendum imperdiet. Nullam orci pede, venenatis non, sodales sed, tincidunt eu, felis.', '2022-08-17 18:11:47', 1, 2),
('Donavon', 'Duis bibendum, felis sed interdum venenatis, turpis enim blandit mi, in porttitor pede justo eu massa.', '2022-08-17 18:37:28', 1, 4),
('Donavon', 'Curabitur at ipsum ac tellus semper interdum. Mauris ullamcorper purus sit amet nulla.', '2022-08-17 18:38:56', 1, 2),
('Staffard', 'Nulla ut erat id mauris vulputate elementum.', '2022-08-17 18:43:06', 3, 4),
('Staffard', 'Donec semper sapien a libero.', '2022-08-17 18:45:11', 3, 3),
('Donavon', 'Nulla nisl.', '2022-08-17 18:45:20', 1, 10),
('Mariette', 'Etiam justo. Etiam pretium iaculis justo.', '2022-08-17 19:13:47', 2, 2),
('Hank', 'Nunc purus.', '2022-08-17 19:27:56', 4, 1),
('Donavon', 'Cras pellentesque volutpat dui. Maecenas tristique, est et tempus semper, est quam pharetra magna, ac consequat metus sapien ut nunc.', '2022-08-17 19:32:57', 1, 2),
('Mariette', 'Nunc nisl. Duis bibendum, felis sed interdum venenatis, turpis enim blandit mi, in porttitor pede justo eu massa.', '2022-08-17 19:47:36', 2, 14),
('Staffard', 'Vivamus vel nulla eget eros elementum pellentesque.', '2022-08-17 19:55:29', 3, 16),
('Licha', 'Nulla ut erat id mauris vulputate elementum. Nullam varius.', '2022-08-17 19:59:18', 5, 11),
('Licha', 'Curabitur convallis. Duis consequat dui nec nisi volutpat eleifend.', '2022-08-17 20:21:03', 5, 1),
('Mariette', 'Maecenas pulvinar lobortis est. Phasellus sit amet erat.', '2022-08-17 20:21:34', 2, 7),
('Staffard', 'Aliquam sit amet diam in magna bibendum imperdiet. Nullam orci pede, venenatis non, sodales sed, tincidunt eu, felis.', '2022-08-17 20:24:12', 3, 16),
('Hank', 'Aliquam quis turpis eget elit sodales scelerisque.', '2022-08-17 20:31:17', 4, 10),
('Licha', 'Nulla mollis molestie lorem.', '2022-08-17 20:58:09', 5, 1),
('Licha', 'Morbi vel lectus in quam fringilla rhoncus.', '2022-08-17 21:24:13', 5, 17),
('Licha', 'Cras non velit nec nisi vulputate nonummy.', '2022-08-17 21:46:37', 5, 17),
('Donavon', 'In tempor, turpis nec euismod scelerisque, quam turpis adipiscing lorem, vitae mattis nibh ligula nec sem. Duis aliquam convallis nunc.', '2022-08-17 22:10:34', 1, 4),
('Staffard', 'Sed accumsan felis. Ut at dolor quis odio consequat varius.', '2022-08-17 22:17:50', 3, 4),
('Staffard', 'Phasellus in felis.', '2022-08-17 22:43:37', 3, 15),
('Donavon', 'Cras mi pede, malesuada in, imperdiet et, commodo vulputate, justo.', '2022-08-17 22:52:43', 1, 6),
('Staffard', 'Lorem ipsum dolor sit amet, consectetuer adipiscing elit. Proin interdum mauris non ligula pellentesque ultrices.', '2022-08-17 23:10:16', 3, 16),
('Staffard', 'Cum sociis natoque penatibus et magnis dis parturient montes, nascetur ridiculus mus. Vivamus vestibulum sagittis sapien.', '2022-08-17 23:14:07', 3, 7),
('Hank', 'Nulla tellus. In sagittis dui vel nisl.', '2022-08-17 23:26:50', 4, 13),
('Hank', 'In est risus, auctor sed, tristique in, tempus sit amet, sem. Fusce consequat.', '2022-08-17 23:31:49', 4, 10),
('Mariette', 'Fusce posuere felis sed lacus. Morbi sem mauris, laoreet ut, rhoncus aliquet, pulvinar sed, nisl.', '2022-08-17 23:31:54', 2, 4),
('Donavon', 'Cum sociis natoque penatibus et magnis dis parturient montes, nascetur ridiculus mus.', '2022-08-18 00:05:19', 1, 9),
('Licha', 'Mauris ullamcorper purus sit amet nulla. Quisque arcu libero, rutrum ac, lobortis vel, dapibus at, diam.', '2022-08-18 00:07:29', 5, 16),
('Staffard', 'Vestibulum ac est lacinia nisi venenatis tristique. Fusce congue, diam id ornare imperdiet, sapien urna pretium nisl, ut volutpat sapien arcu sed augue.', '2022-08-18 00:14:53', 3, 15),
('Staffard', 'Sed accumsan felis. Ut at dolor quis odio consequat varius.', '2022-08-18 01:06:32', 3, 3),
('Mariette', 'Morbi vestibulum, velit id pretium iaculis, diam erat fermentum justo, nec condimentum neque sapien placerat ante. Nulla justo.', '2022-08-18 01:21:00', 2, 8),
('Staffard', 'Duis mattis egestas metus.', '2022-08-18 01:28:16', 3, 6),
('Hank', 'Nulla tellus. In sagittis dui vel nisl.', '2022-08-18 01:40:06', 4, 5),
('Staffard', 'Integer a nibh. In quis justo.', '2022-08-18 01:47:25', 3, 4),
('Donavon', 'Nulla nisl. Nunc nisl.', '2022-08-18 02:03:50', 1, 3),
('Staffard', 'Duis bibendum.', '2022-08-18 02:05:26', 3, 4),
('Licha', 'In eleifend quam a odio. In hac habitasse platea dictumst.', '2022-08-18 02:10:10', 5, 7),
('Hank', 'Duis mattis egestas metus.', '2022-08-18 02:13:31', 4, 13),
('Staffard', 'In congue. Etiam justo.', '2022-08-18 02:18:54', 3, 3),
('Mariette', 'Nulla nisl. Nunc nisl.', '2022-08-18 02:21:33', 2, 8),
('Hank', 'Maecenas ut massa quis augue luctus tincidunt. Nulla mollis molestie lorem.', '2022-08-18 02:36:29', 4, 3),
('Staffard', 'Pellentesque ultrices mattis odio.', '2022-08-18 02:39:44', 3, 7),
('Licha', 'Nullam orci pede, venenatis non, sodales sed, tincidunt eu, felis. Fusce posuere felis sed lacus.', '2022-08-18 02:42:49', 5, 14),
('Staffard', 'Nulla justo.', '2022-08-18 02:49:18', 3, 16),
('Licha', 'Phasellus in felis. Donec semper sapien a libero.', '2022-08-18 02:54:32', 5, 5),
('Mariette', 'Integer ac leo.', '2022-08-18 02:57:27', 2, 7),
('Donavon', 'Aliquam augue quam, sollicitudin vitae, consectetuer eget, rutrum at, lorem.', '2022-08-18 02:57:46', 1, 5),
('Hank', 'Maecenas rhoncus aliquam lacus.', '2022-08-18 03:11:20', 4, 15),
('Licha', 'Nunc rhoncus dui vel sem. Sed sagittis.', '2022-08-18 03:13:21', 5, 5),
('Hank', 'Donec ut mauris eget massa tempor convallis. Nulla neque libero, convallis eget, eleifend luctus, ultricies eu, nibh.', '2022-08-18 03:24:23', 4, 5),
('Mariette', 'Aenean lectus.', '2022-08-18 03:35:58', 2, 7),
('Licha', 'Fusce lacus purus, aliquet at, feugiat non, pretium quis, lectus. Suspendisse potenti.', '2022-08-18 03:38:38', 5, 11),
('Licha', 'Suspendisse potenti. Nullam porttitor lacus at turpis.', '2022-08-18 03:41:46', 5, 7),
('Hank', 'Cras pellentesque volutpat dui.', '2022-08-18 03:48:43', 4, 15),
('Donavon', 'Quisque erat eros, viverra eget, congue eget, semper rutrum, nulla. Nunc purus.', '2022-08-18 04:02:05', 1, 6),
('Staffard', 'Proin eu mi.', '2022-08-18 04:07:27', 3, 4),
('Staffard', 'Vivamus metus arcu, adipiscing molestie, hendrerit at, vulputate vitae, nisl. Aenean lectus.', '2022-08-18 04:26:05', 3, 15),
('Staffard', 'Suspendisse ornare consequat lectus. In est risus, auctor sed, tristique in, tempus sit amet, sem.', '2022-08-18 04:38:18', 3, 15),
('Licha', 'Lorem ipsum dolor sit amet, consectetuer adipiscing elit.', '2022-08-18 05:10:31', 5, 16),
('Staffard', 'Vestibulum ante ipsum primis in faucibus orci luctus et ultrices posuere cubilia Curae; Donec pharetra, magna vestibulum aliquet ultrices, erat tortor sollicitudin mi, sit amet lobortis sapien sapien non mi.', '2022-08-18 05:17:41', 3, 15),
('Donavon', 'Nunc purus.', '2022-08-18 05:30:09', 1, 2),
('Mariette', 'Phasellus sit amet erat.', '2022-08-18 05:46:45', 2, 1),
('Hank', 'Maecenas pulvinar lobortis est. Phasellus sit amet erat.', '2022-08-18 05:49:33', 4, 13),
('Hank', 'Pellentesque viverra pede ac diam.', '2022-08-18 05:51:26', 4, 5),
('Staffard', 'Fusce consequat.', '2022-08-18 06:04:51', 3, 6),
('Donavon', 'Donec dapibus.', '2022-08-18 06:10:33', 1, 5),
('Mariette', 'Duis consequat dui nec nisi volutpat eleifend.', '2022-08-18 06:19:17', 2, 8),
('Licha', 'Aenean auctor gravida sem. Praesent id massa id nisl venenatis lacinia.', '2022-08-18 06:42:06', 5, 7),
('Hank', 'Nam ultrices, libero non mattis pulvinar, nulla pede ullamcorper augue, a suscipit nulla elit ac nulla.', '2022-08-18 07:04:55', 4, 2),
('Hank', 'Fusce posuere felis sed lacus.', '2022-08-18 07:15:05', 4, 3),
('Hank', 'Vestibulum ante ipsum primis in faucibus orci luctus et ultrices posuere cubilia Curae; Donec pharetra, magna vestibulum aliquet ultrices, erat tortor sollicitudin mi, sit amet lobortis sapien sapien non mi.', '2022-08-18 07:56:57', 4, 15),
('Hank', 'Phasellus id sapien in sapien iaculis congue.', '2022-08-18 08:08:41', 4, 3),
('Donavon', 'Etiam faucibus cursus urna.', '2022-08-18 08:11:20', 1, 4),
('Donavon', 'Maecenas tristique, est et tempus semper, est quam pharetra magna, ac consequat metus sapien ut nunc.', '2022-08-18 08:22:40', 1, 6),
('Donavon', 'Nam congue, risus semper porta volutpat, quam pede lobortis ligula, sit amet eleifend pede libero quis orci.', '2022-08-18 08:31:51', 1, 8),
('Mariette', 'Donec diam neque, vestibulum eget, vulputate ut, ultrices vel, augue. Vestibulum ante ipsum primis in faucibus orci luctus et ultrices posuere cubilia Curae; Donec pharetra, magna vestibulum aliquet ultrices, erat tortor sollicitudin mi, sit amet lobortis sapien sapien non mi.', '2022-08-18 08:41:10', 2, 8),
('Staffard', 'Nullam porttitor lacus at turpis. Donec posuere metus vitae ipsum.', '2022-08-18 09:10:30', 3, 4),
('Mariette', 'Nulla mollis molestie lorem.', '2022-08-18 09:10:31', 2, 12),
('Hank', 'Vestibulum ante ipsum primis in faucibus orci luctus et ultrices posuere cubilia Curae; Mauris viverra diam vitae quam.', '2022-08-18 09:18:26', 4, 17),
('Mariette', 'Aenean sit amet justo.', '2022-08-18 09:53:40', 2, 1),
('Donavon', 'Nulla mollis molestie lorem. Quisque ut erat.', '2022-08-18 10:04:38', 1, 9),
('Donavon', 'Duis at velit eu est congue elementum.', '2022-08-18 10:14:09', 1, 3),
('Donavon', 'In est risus, auctor sed, tristique in, tempus sit amet, sem. Fusce consequat.', '2022-08-18 10:43:18', 1, 6),
('Staffard', 'Mauris sit amet eros. Suspendisse accumsan tortor quis turpis.', '2022-08-18 10:58:53', 3, 7),
('Staffard', 'Morbi ut odio.', '2022-08-18 10:59:10', 3, 4),
('Licha', 'Morbi sem mauris, laoreet ut, rhoncus aliquet, pulvinar sed, nisl. Nunc rhoncus dui vel sem.', '2022-08-18 11:20:12', 5, 4),
('Donavon', 'Duis aliquam convallis nunc. Proin at turpis a pede posuere nonummy.', '2022-08-18 11:22:41', 1, 4),
('Licha', 'Vivamus vestibulum sagittis sapien. Cum sociis natoque penatibus et magnis dis parturient montes, nascetur ridiculus mus.', '2022-08-18 11:24:11', 5, 1),
('Licha', 'Vestibulum sed magna at nunc commodo placerat. Praesent blandit.', '2022-08-18 11:52:02', 5, 1),
('Mariette', 'Nulla ac enim. In tempor, turpis nec euismod scelerisque, quam turpis adipiscing lorem, vitae mattis nibh ligula nec sem.', '2022-08-18 11:57:14', 2, 14),
('Staffard', 'Duis consequat dui nec nisi volutpat eleifend.', '2022-08-18 12:12:08', 3, 6),
('Mariette', 'Duis ac nibh. Fusce lacus purus, aliquet at, feugiat non, pretium quis, lectus.', '2022-08-18 12:13:05', 2, 2),
('Staffard', 'Nunc nisl.', '2022-08-18 12:22:22', 3, 7),
('Mariette', 'Vivamus in felis eu sapien cursus vestibulum. Proin eu mi.', '2022-08-18 12:26:52', 2, 14),
('Mariette', 'Vivamus vel nulla eget eros elementum pellentesque. Quisque porta volutpat erat.', '2022-08-18 12:37:48', 2, 6),
('Hank', 'Vestibulum rutrum rutrum neque.', '2022-08-18 12:43:18', 4, 17),
('Staffard', 'Nulla suscipit ligula in lacus. Curabitur at ipsum ac tellus semper interdum.', '2022-08-18 12:51:33', 3, 4),
('Donavon', 'In blandit ultrices enim.', '2022-08-18 13:23:46', 1, 6),
('Mariette', 'Quisque ut erat.', '2022-08-18 13:39:10', 2, 14),
('Mariette', 'Donec semper sapien a libero. Nam dui.', '2022-08-18 13:41:55', 2, 8),
('Donavon', 'Vestibulum ante ipsum primis in faucibus orci luctus et ultrices posuere cubilia Curae; Duis faucibus accumsan odio. Curabitur convallis.', '2022-08-18 13:46:00', 1, 8),
('Donavon', 'Pellentesque eget nunc. Donec quis orci eget orci vehicula condimentum.', '2022-08-18 14:08:28', 1, 2),
('Staffard', 'Etiam faucibus cursus urna. Ut tellus.', '2022-08-18 14:15:55', 3, 15),
('Licha', 'Quisque porta volutpat erat. Quisque erat eros, viverra eget, congue eget, semper rutrum, nulla.', '2022-08-18 14:57:15', 5, 1),
('Mariette', 'Integer pede justo, lacinia eget, tincidunt eget, tempus vel, pede.', '2022-08-18 15:10:02', 2, 12),
('Mariette', 'In est risus, auctor sed, tristique in, tempus sit amet, sem. Fusce consequat.', '2022-08-18 15:20:29', 2, 1),
('Hank', 'Lorem ipsum dolor sit amet, consectetuer adipiscing elit.', '2022-08-18 15:24:46', 4, 2),
('Hank', 'Nam dui.', '2022-08-18 15:38:36', 4, 10),
('Hank', 'Nulla ac enim.', '2022-08-18 16:14:14', 4, 13),
('Hank', 'Etiam pretium iaculis justo.', '2022-08-18 16:23:13', 4, 17),
('Staffard', 'Pellentesque at nulla. Suspendisse potenti.', '2022-08-18 16:33:10', 3, 6),
('Hank', 'Morbi vestibulum, velit id pretium iaculis, diam erat fermentum justo, nec condimentum neque sapien placerat ante.', '2022-08-18 16:38:54', 4, 5),
('Mariette', 'In hac habitasse platea dictumst. Maecenas ut massa quis augue luctus tincidunt.', '2022-08-18 16:47:04', 2, 4),
('Donavon', 'Nulla mollis molestie lorem.', '2022-08-18 16:50:24', 1, 9),
('Hank', 'Nullam molestie nibh in lectus. Pellentesque at nulla.', '2022-08-18 16:54:29', 4, 10),
('Staffard', 'Curabitur at ipsum ac tellus semper interdum.', '2022-08-18 17:20:42', 3, 4),
('Staffard', 'Phasellus sit amet erat.', '2022-08-18 17:26:18', 3, 12),
('Licha', 'Nullam sit amet turpis elementum ligula vehicula consequat. Morbi a ipsum.', '2022-08-18 17:33:41', 5, 11),
('Licha', 'Morbi non quam nec dui luctus rutrum.', '2022-08-18 17:37:30', 5, 5),
('Mariette', 'Suspendisse accumsan tortor quis turpis. Sed ante.', '2022-08-18 17:59:24', 2, 4),
('Licha', 'Donec dapibus.', '2022-08-18 18:15:36', 5, 16),
('Mariette', 'Vivamus in felis eu sapien cursus vestibulum.', '2022-08-18 18:20:16', 2, 1),
('Licha', 'Donec diam neque, vestibulum eget, vulputate ut, ultrices vel, augue. Vestibulum ante ipsum primis in faucibus orci luctus et ultrices posuere cubilia Curae; Donec pharetra, magna vestibulum aliquet ultrices, erat tortor sollicitudin mi, sit amet lobortis sapien sapien non mi.', '2022-08-18 18:24:44', 5, 7),
('Licha', 'Integer non velit. Donec diam neque, vestibulum eget, vulputate ut, ultrices vel, augue.', '2022-08-18 18:29:00', 5, 17),
('Mariette', 'Quisque arcu libero, rutrum ac, lobortis vel, dapibus at, diam. Nam tristique tortor eu pede.', '2022-08-18 18:46:36', 2, 8),
('Licha', 'Aliquam erat volutpat.', '2022-08-18 18:52:10', 5, 11),
('Mariette', 'Morbi ut odio. Cras mi pede, malesuada in, imperdiet et, commodo vulputate, justo.', '2022-08-18 18:56:17', 2, 8),
('Mariette', 'Suspendisse potenti. In eleifend quam a odio.', '2022-08-18 18:56:42', 2, 8),
('Donavon', 'Integer a nibh. In quis justo.', '2022-08-18 18:59:32', 1, 6),
('Mariette', 'Duis bibendum.', '2022-08-18 19:08:44', 2, 6),
('Hank', 'Proin eu mi. Nulla ac enim.', '2022-08-18 19:15:11', 4, 15),
('Donavon', 'Vestibulum sed magna at nunc commodo placerat.', '2022-08-18 19:29:09', 1, 4),
('Donavon', 'Nullam porttitor lacus at turpis. Donec posuere metus vitae ipsum.', '2022-08-18 19:38:06', 1, 5),
('Staffard', 'Nam nulla.', '2022-08-18 19:48:55', 3, 3),
('Hank', 'Donec diam neque, vestibulum eget, vulputate ut, ultrices vel, augue. Vestibulum ante ipsum primis in faucibus orci luctus et ultrices posuere cubilia Curae; Donec pharetra, magna vestibulum aliquet ultrices, erat tortor sollicitudin mi, sit amet lobortis sapien sapien non mi.', '2022-08-18 19:54:25', 4, 5),
('Mariette', 'Nulla mollis molestie lorem. Quisque ut erat.', '2022-08-18 19:57:00', 2, 14),
('Staffard', 'Suspendisse accumsan tortor quis turpis. Sed ante.', '2022-08-18 20:03:21', 3, 15),
('Donavon', 'In hac habitasse platea dictumst.', '2022-08-18 20:03:50', 1, 2),
('Hank', 'Aenean fermentum. Donec ut mauris eget massa tempor convallis.', '2022-08-18 20:08:32', 4, 5),
('Hank', 'Nulla suscipit ligula in lacus.', '2022-08-18 20:22:51', 4, 3),
('Donavon', 'Fusce lacus purus, aliquet at, feugiat non, pretium quis, lectus.', '2022-08-18 20:24:19', 1, 5),
('Staffard', 'Mauris lacinia sapien quis libero. Nullam sit amet turpis elementum ligula vehicula consequat.', '2022-08-18 20:41:40', 3, 15),
('Staffard', 'Nulla mollis molestie lorem.', '2022-08-18 20:42:52', 3, 12),
('Donavon', 'Donec posuere metus vitae ipsum. Aliquam non mauris.', '2022-08-18 20:44:47', 1, 5),
('Hank', 'Aenean sit amet justo.', '2022-08-18 20:59:38', 4, 3),
('Staffard', 'In hac habitasse platea dictumst.', '2022-08-18 21:15:10', 3, 12),
('Licha', 'Morbi non quam nec dui luctus rutrum.', '2022-08-18 21:23:32', 5, 4),
('Staffard', 'Proin at turpis a pede posuere nonummy.', '2022-08-18 21:27:36', 3, 3),
('Hank', 'Curabitur convallis.', '2022-08-18 21:28:53', 4, 5),
('Mariette', 'Aliquam sit amet diam in magna bibendum imperdiet.', '2022-08-18 21:35:45', 2, 6),
('Donavon', 'Donec quis orci eget orci vehicula condimentum.', '2022-08-18 21:46:55', 1, 4),
('Hank', 'Proin at turpis a pede posuere nonummy. Integer non velit.', '2022-08-18 21:54:54', 4, 1),
('Licha', 'Pellentesque eget nunc. Donec quis orci eget orci vehicula condimentum.', '2022-08-18 21:55:37', 5, 17),
('Staffard', 'Mauris sit amet eros.', '2022-08-18 22:03:47', 3, 4),
('Staffard', 'Suspendisse potenti. Nullam porttitor lacus at turpis.', '2022-08-18 22:17:33', 3, 15),
('Hank', 'Fusce posuere felis sed lacus. Morbi sem mauris, laoreet ut, rhoncus aliquet, pulvinar sed, nisl.', '2022-08-18 23:05:33', 4, 15),
('Hank', 'Vestibulum ante ipsum primis in faucibus orci luctus et ultrices posuere cubilia Curae; Nulla dapibus dolor vel est.', '2022-08-18 23:07:34', 4, 13),
('Licha', 'Donec odio justo, sollicitudin ut, suscipit a, feugiat et, eros.', '2022-08-18 23:18:47', 5, 17),
('Donavon', 'Nam congue, risus semper porta volutpat, quam pede lobortis ligula, sit amet eleifend pede libero quis orci. Nullam molestie nibh in lectus.', '2022-08-18 23:22:22', 1, 6),
('Licha', 'Mauris lacinia sapien quis libero. Nullam sit amet turpis elementum ligula vehicula consequat.', '2022-08-18 23:33:25', 5, 16),
('Hank', 'Etiam vel augue. Vestibulum rutrum rutrum neque.', '2022-08-18 23:44:28', 4, 15),
('Hank', 'Vestibulum ante ipsum primis in faucibus orci luctus et ultrices posuere cubilia Curae; Nulla dapibus dolor vel est. Donec odio justo, sollicitudin ut, suscipit a, feugiat et, eros.', '2022-08-18 23:51:40', 4, 2),
('Hank', 'Morbi non quam nec dui luctus rutrum.', '2022-08-18 23:57:04', 4, 10),
('Mariette', 'Etiam faucibus cursus urna.', '2022-08-19 00:16:42', 2, 14),
('Mariette', 'Sed vel enim sit amet nunc viverra dapibus. Nulla suscipit ligula in lacus.', '2022-08-19 00:19:46', 2, 12),
('Mariette', 'Integer aliquet, massa id lobortis convallis, tortor risus dapibus augue, vel accumsan tellus nisi eu orci.', '2022-08-19 00:22:01', 2, 13),
('Licha', 'Duis at velit eu est congue elementum. In hac habitasse platea dictumst.', '2022-08-19 00:28:58', 5, 4),
('Donavon', 'Nulla tempus. Vivamus in felis eu sapien cursus vestibulum.', '2022-08-19 00:38:24', 1, 10),
('Licha', 'Integer aliquet, massa id lobortis convallis, tortor risus dapibus augue, vel accumsan tellus nisi eu orci.', '2022-08-19 00:50:34', 5, 17),
('Mariette', 'Morbi quis tortor id nulla ultrices aliquet.', '2022-08-19 01:00:25', 2, 6),
('Hank', 'Integer non velit. Donec diam neque, vestibulum eget, vulputate ut, ultrices vel, augue.', '2022-08-19 01:01:19', 4, 17),
('Licha', 'Duis at velit eu est congue elementum.', '2022-08-19 01:03:55', 5, 7),
('Donavon', 'Vestibulum ante ipsum primis in faucibus orci luctus et ultrices posuere cubilia Curae; Duis faucibus accumsan odio.', '2022-08-19 01:06:16', 1, 5),
('Licha', 'Suspendisse potenti.', '2022-08-19 01:07:31', 5, 1),
('Hank', 'Duis bibendum.', '2022-08-19 01:19:54', 4, 2),
('Staffard', 'Nulla ut erat id mauris vulputate elementum.', '2022-08-19 01:50:45', 3, 3),
('Donavon', 'Aliquam augue quam, sollicitudin vitae, consectetuer eget, rutrum at, lorem.', '2022-08-19 02:17:38', 1, 6),
('Staffard', 'Donec dapibus.', '2022-08-19 02:48:00', 3, 15),
('Donavon', 'Maecenas leo odio, condimentum id, luctus nec, molestie sed, justo. Pellentesque viverra pede ac diam.', '2022-08-19 02:50:20', 1, 11),
('Staffard', 'Ut tellus.', '2022-08-19 03:18:36', 3, 6),
('Hank', 'Vestibulum ante ipsum primis in faucibus orci luctus et ultrices posuere cubilia Curae; Mauris viverra diam vitae quam.', '2022-08-19 03:24:04', 4, 10),
('Licha', 'In hac habitasse platea dictumst. Morbi vestibulum, velit id pretium iaculis, diam erat fermentum justo, nec condimentum neque sapien placerat ante.', '2022-08-19 03:32:28', 5, 7),
('Mariette', 'Proin leo odio, porttitor id, consequat in, consequat ut, nulla. Sed accumsan felis.', '2022-08-19 03:35:11', 2, 2),
('Mariette', 'Suspendisse ornare consequat lectus. In est risus, auctor sed, tristique in, tempus sit amet, sem.', '2022-08-19 04:14:40', 2, 4),
('Staffard', 'Praesent blandit lacinia erat.', '2022-08-19 04:28:30', 3, 16),
('Mariette', 'Vestibulum quam sapien, varius ut, blandit non, interdum in, ante.', '2022-08-19 04:33:58', 2, 8),
('Staffard', 'In sagittis dui vel nisl.', '2022-08-19 04:37:03', 3, 16),
('Hank', 'Integer pede justo, lacinia eget, tincidunt eget, tempus vel, pede.', '2022-08-19 04:44:16', 4, 3),
('Mariette', 'Nulla neque libero, convallis eget, eleifend luctus, ultricies eu, nibh. Quisque id justo sit amet sapien dignissim vestibulum.', '2022-08-19 04:45:34', 2, 12),
('Mariette', 'Cras pellentesque volutpat dui.', '2022-08-19 04:47:38', 2, 2),
('Staffard', 'Nulla tempus.', '2022-08-19 05:01:57', 3, 7),
('Donavon', 'Mauris ullamcorper purus sit amet nulla. Quisque arcu libero, rutrum ac, lobortis vel, dapibus at, diam.', '2022-08-19 05:09:48', 1, 5),
('Hank', 'Cum sociis natoque penatibus et magnis dis parturient montes, nascetur ridiculus mus.', '2022-08-19 05:13:49', 4, 5),
('Hank', 'Sed ante. Vivamus tortor.', '2022-08-19 05:17:53', 4, 15),
('Hank', 'Aliquam erat volutpat.', '2022-08-19 05:34:28', 4, 2),
('Licha', 'Vivamus tortor. Duis mattis egestas metus.', '2022-08-19 05:41:54', 5, 16),
('Hank', 'Donec posuere metus vitae ipsum.', '2022-08-19 05:43:54', 4, 5),
('Staffard', 'Nulla ac enim.', '2022-08-19 05:48:54', 3, 4),
('Licha', 'Vestibulum ante ipsum primis in faucibus orci luctus et ultrices posuere cubilia Curae; Donec pharetra, magna vestibulum aliquet ultrices, erat tortor sollicitudin mi, sit amet lobortis sapien sapien non mi.', '2022-08-19 05:56:08', 5, 14),
('Licha', 'Vestibulum ante ipsum primis in faucibus orci luctus et ultrices posuere cubilia Curae; Mauris viverra diam vitae quam.', '2022-08-19 05:57:00', 5, 16),
('Licha', 'Maecenas tincidunt lacus at velit.', '2022-08-19 06:14:59', 5, 11),
('Hank', 'Phasellus in felis. Donec semper sapien a libero.', '2022-08-19 06:25:41', 4, 5),
('Hank', 'Nam congue, risus semper porta volutpat, quam pede lobortis ligula, sit amet eleifend pede libero quis orci.', '2022-08-19 06:30:56', 4, 17),
('Licha', 'Morbi vel lectus in quam fringilla rhoncus. Mauris enim leo, rhoncus sed, vestibulum sit amet, cursus id, turpis.', '2022-08-19 06:35:37', 5, 5),
('Licha', 'Nam nulla.', '2022-08-19 06:46:14', 5, 4),
('Hank', 'Ut at dolor quis odio consequat varius.', '2022-08-19 06:58:42', 4, 17),
('Hank', 'Fusce congue, diam id ornare imperdiet, sapien urna pretium nisl, ut volutpat sapien arcu sed augue. Aliquam erat volutpat.', '2022-08-19 07:01:42', 4, 5),
('Licha', 'Ut at dolor quis odio consequat varius.', '2022-08-19 07:13:18', 5, 1),
('Mariette', 'Fusce posuere felis sed lacus.', '2022-08-19 07:25:11', 2, 12),
('Licha', 'Morbi odio odio, elementum eu, interdum eu, tincidunt in, leo. Maecenas pulvinar lobortis est.', '2022-08-19 07:30:42', 5, 16),
('Licha', 'Ut tellus.', '2022-08-19 07:34:45', 5, 16),
('Staffard', 'Aenean lectus.', '2022-08-19 07:44:09', 3, 6),
('Staffard', 'Aenean lectus.', '2022-08-19 07:46:47', 3, 16),
('Hank', 'Nullam porttitor lacus at turpis. Donec posuere metus vitae ipsum.', '2022-08-19 07:52:19', 4, 2),
('Donavon', 'Morbi vel lectus in quam fringilla rhoncus. Mauris enim leo, rhoncus sed, vestibulum sit amet, cursus id, turpis.', '2022-08-19 08:03:28', 1, 4),
('Licha', 'Aenean auctor gravida sem.', '2022-08-19 08:11:45', 5, 7),
('Licha', 'Suspendisse potenti. Cras in purus eu magna vulputate luctus.', '2022-08-19 08:17:51', 5, 16),
('Donavon', 'Aliquam non mauris. Morbi non lectus.', '2022-08-19 08:30:35', 1, 3),
('Licha', 'Vestibulum rutrum rutrum neque.', '2022-08-19 08:40:20', 5, 5),
('Donavon', 'Pellentesque at nulla. Suspendisse potenti.', '2022-08-19 09:00:42', 1, 9),
('Hank', 'Pellentesque at nulla.', '2022-08-19 09:07:56', 4, 2),
('Hank', 'Proin at turpis a pede posuere nonummy. Integer non velit.', '2022-08-19 09:14:34', 4, 5),
('Licha', 'Fusce congue, diam id ornare imperdiet, sapien urna pretium nisl, ut volutpat sapien arcu sed augue. Aliquam erat volutpat.', '2022-08-19 09:16:41', 5, 7),
('Staffard', 'Sed accumsan felis. Ut at dolor quis odio consequat varius.', '2022-08-19 09:21:57', 3, 9),
('Mariette', 'Morbi quis tortor id nulla ultrices aliquet. Maecenas leo odio, condimentum id, luctus nec, molestie sed, justo.', '2022-08-19 09:37:11', 2, 7),
('Mariette', 'Aenean auctor gravida sem. Praesent id massa id nisl venenatis lacinia.', '2022-08-19 09:40:20', 2, 6),
('Staffard', 'Vestibulum ac est lacinia nisi venenatis tristique.', '2022-08-19 09:49:18', 3, 15),
('Mariette', 'Phasellus id sapien in sapien iaculis congue.', '2022-08-19 09:50:12', 2, 12),
('Hank', 'Duis consequat dui nec nisi volutpat eleifend.', '2022-08-19 09:50:56', 4, 1),
('Mariette', 'Vivamus vestibulum sagittis sapien. Cum sociis natoque penatibus et magnis dis parturient montes, nascetur ridiculus mus.', '2022-08-19 09:55:54', 2, 1),
('Mariette', 'Integer ac leo. Pellentesque ultrices mattis odio.', '2022-08-19 10:01:44', 2, 12),
('Donavon', 'Etiam justo.', '2022-08-19 10:03:24', 1, 8),
('Donavon', 'Proin risus.', '2022-08-19 10:10:05', 1, 3),
('Staffard', 'Donec posuere metus vitae ipsum.', '2022-08-19 10:11:53', 3, 12),
('Staffard', 'Donec odio justo, sollicitudin ut, suscipit a, feugiat et, eros. Vestibulum ac est lacinia nisi venenatis tristique.', '2022-08-19 10:12:07', 3, 12),
('Staffard', 'Fusce congue, diam id ornare imperdiet, sapien urna pretium nisl, ut volutpat sapien arcu sed augue.', '2022-08-19 10:15:40', 3, 12),
('Hank', 'Nullam varius. Nulla facilisi.', '2022-08-19 10:16:57', 4, 17),
('Donavon', 'Cras pellentesque volutpat dui. Maecenas tristique, est et tempus semper, est quam pharetra magna, ac consequat metus sapien ut nunc.', '2022-08-19 10:26:36', 1, 4),
('Staffard', 'Aliquam non mauris.', '2022-08-19 10:40:48', 3, 12),
('Donavon', 'Maecenas tristique, est et tempus semper, est quam pharetra magna, ac consequat metus sapien ut nunc. Vestibulum ante ipsum primis in faucibus orci luctus et ultrices posuere cubilia Curae; Mauris viverra diam vitae quam.', '2022-08-19 10:50:10', 1, 3),
('Donavon', 'Pellentesque eget nunc.', '2022-08-19 11:02:13', 1, 9),
('Mariette', 'Aenean lectus.', '2022-08-19 11:11:48', 2, 1),
('Hank', 'Quisque arcu libero, rutrum ac, lobortis vel, dapibus at, diam. Nam tristique tortor eu pede.', '2022-08-19 11:13:52', 4, 15),
('Licha', 'Proin risus. Praesent lectus.', '2022-08-19 11:29:16', 5, 7),
('Mariette', 'Nulla tellus.', '2022-08-19 11:34:51', 2, 12),
('Staffard', 'In congue.', '2022-08-19 11:34:59', 3, 4),
('Mariette', 'Vestibulum sed magna at nunc commodo placerat.', '2022-08-19 11:49:31', 2, 2),
('Mariette', 'Donec semper sapien a libero.', '2022-08-19 11:59:22', 2, 4),
('Hank', 'Mauris ullamcorper purus sit amet nulla. Quisque arcu libero, rutrum ac, lobortis vel, dapibus at, diam.', '2022-08-19 12:01:51', 4, 5),
('Licha', 'Nulla suscipit ligula in lacus.', '2022-08-19 12:31:39', 5, 7),
('Staffard', 'Morbi non quam nec dui luctus rutrum.', '2022-08-19 12:45:44', 3, 9),
('Licha', 'Nullam varius.', '2022-08-19 13:12:57', 5, 5),
('Hank', 'Donec vitae nisi.', '2022-08-19 13:14:27', 4, 3),
('Mariette', 'Maecenas tincidunt lacus at velit.', '2022-08-19 13:52:31', 2, 6),
('Mariette', 'Donec semper sapien a libero.', '2022-08-19 13:59:01', 2, 12),
('Staffard', 'Quisque erat eros, viverra eget, congue eget, semper rutrum, nulla.', '2022-08-19 14:31:54', 3, 3),
('Staffard', 'Vestibulum ante ipsum primis in faucibus orci luctus et ultrices posuere cubilia Curae; Donec pharetra, magna vestibulum aliquet ultrices, erat tortor sollicitudin mi, sit amet lobortis sapien sapien non mi. Integer ac neque.', '2022-08-19 15:01:43', 3, 7),
('Mariette', 'Praesent lectus.', '2022-08-19 15:02:49', 2, 12),
('Mariette', 'Vestibulum ac est lacinia nisi venenatis tristique. Fusce congue, diam id ornare imperdiet, sapien urna pretium nisl, ut volutpat sapien arcu sed augue.', '2022-08-19 15:15:58', 2, 13),
('Staffard', 'Morbi odio odio, elementum eu, interdum eu, tincidunt in, leo.', '2022-08-19 15:16:06', 3, 15),
('Mariette', 'Cras non velit nec nisi vulputate nonummy. Maecenas tincidunt lacus at velit.', '2022-08-19 15:17:05', 2, 8),
('Mariette', 'Etiam justo.', '2022-08-19 15:17:51', 2, 1),
('Donavon', 'Aliquam non mauris.', '2022-08-19 15:33:31', 1, 9),
('Mariette', 'Morbi non lectus. Aliquam sit amet diam in magna bibendum imperdiet.', '2022-08-19 15:36:15', 2, 1),
('Licha', 'Curabitur gravida nisi at nibh. In hac habitasse platea dictumst.', '2022-08-19 15:53:48', 5, 11),
('Licha', 'Fusce posuere felis sed lacus.', '2022-08-19 15:56:26', 5, 1),
('Donavon', 'In hac habitasse platea dictumst. Etiam faucibus cursus urna.', '2022-08-19 16:26:21', 1, 4),
('Mariette', 'Integer aliquet, massa id lobortis convallis, tortor risus dapibus augue, vel accumsan tellus nisi eu orci.', '2022-08-19 16:53:51', 2, 2),
('Staffard', 'Suspendisse potenti. Cras in purus eu magna vulputate luctus.', '2022-08-19 16:56:54', 3, 3),
('Hank', 'Cras non velit nec nisi vulputate nonummy. Maecenas tincidunt lacus at velit.', '2022-08-19 17:01:41', 4, 1),
('Staffard', 'Cras non velit nec nisi vulputate nonummy.', '2022-08-19 17:05:23', 3, 6),
('Donavon', 'In blandit ultrices enim. Lorem ipsum dolor sit amet, consectetuer adipiscing elit.', '2022-08-19 17:16:49', 1, 6),
('Licha', 'Nulla mollis molestie lorem.', '2022-08-19 17:21:05', 5, 17),
('Licha', 'Nam nulla.', '2022-08-19 17:40:46', 5, 17),
('Licha', 'Pellentesque at nulla. Suspendisse potenti.', '2022-08-19 17:41:42', 5, 5),
('Licha', 'Cras in purus eu magna vulputate luctus.', '2022-08-19 17:58:04', 5, 7),
('Licha', 'Cras mi pede, malesuada in, imperdiet et, commodo vulputate, justo. In blandit ultrices enim.', '2022-08-19 18:02:39', 5, 5),
('Hank', 'Cum sociis natoque penatibus et magnis dis parturient montes, nascetur ridiculus mus.', '2022-08-19 18:09:02', 4, 2),
('Donavon', 'Pellentesque ultrices mattis odio.', '2022-08-19 18:11:17', 1, 5),
('Donavon', 'Integer non velit. Donec diam neque, vestibulum eget, vulputate ut, ultrices vel, augue.', '2022-08-19 18:17:59', 1, 8),
('Donavon', 'Vestibulum ante ipsum primis in faucibus orci luctus et ultrices posuere cubilia Curae; Donec pharetra, magna vestibulum aliquet ultrices, erat tortor sollicitudin mi, sit amet lobortis sapien sapien non mi. Integer ac neque.', '2022-08-19 18:24:51', 1, 5),
('Hank', 'Etiam justo. Etiam pretium iaculis justo.', '2022-08-19 18:32:19', 4, 17),
('Staffard', 'Mauris enim leo, rhoncus sed, vestibulum sit amet, cursus id, turpis.', '2022-08-19 18:51:07', 3, 15),
('Staffard', 'Curabitur convallis. Duis consequat dui nec nisi volutpat eleifend.', '2022-08-19 18:54:19', 3, 6),
('Donavon', 'Suspendisse ornare consequat lectus. In est risus, auctor sed, tristique in, tempus sit amet, sem.', '2022-08-19 18:59:26', 1, 9),
('Hank', 'Nulla ac enim.', '2022-08-19 19:00:48', 4, 1),
('Donavon', 'Quisque ut erat.', '2022-08-19 19:03:25', 1, 5),
('Staffard', 'Vestibulum quam sapien, varius ut, blandit non, interdum in, ante.', '2022-08-19 19:21:24', 3, 4),
('Donavon', 'Cum sociis natoque penatibus et magnis dis parturient montes, nascetur ridiculus mus. Etiam vel augue.', '2022-08-19 19:40:08', 1, 4),
('Mariette', 'In sagittis dui vel nisl.', '2022-08-19 19:46:34', 2, 8),
('Hank', 'Nullam molestie nibh in lectus. Pellentesque at nulla.', '2022-08-19 19:50:37', 4, 10),
('Hank', 'Vivamus metus arcu, adipiscing molestie, hendrerit at, vulputate vitae, nisl. Aenean lectus.', '2022-08-19 20:09:35', 4, 3),
('Hank', 'Nullam molestie nibh in lectus. Pellentesque at nulla.', '2022-08-19 20:10:14', 4, 1),
('Licha', 'Quisque erat eros, viverra eget, congue eget, semper rutrum, nulla.', '2022-08-19 20:24:45', 5, 11),
('Staffard', 'In quis justo. Maecenas rhoncus aliquam lacus.', '2022-08-19 20:37:45', 3, 15),
('Donavon', 'Aliquam augue quam, sollicitudin vitae, consectetuer eget, rutrum at, lorem. Integer tincidunt ante vel ipsum.', '2022-08-19 21:11:46', 1, 11),
('Licha', 'Cras non velit nec nisi vulputate nonummy.', '2022-08-19 21:12:53', 5, 1),
('Staffard', 'Nullam varius.', '2022-08-19 21:23:05', 3, 4),
('Donavon', 'Nam nulla. Integer pede justo, lacinia eget, tincidunt eget, tempus vel, pede.', '2022-08-19 21:26:32', 1, 11),
('Staffard', 'Aenean fermentum. Donec ut mauris eget massa tempor convallis.', '2022-08-19 21:27:57', 3, 12),
('Staffard', 'Cras mi pede, malesuada in, imperdiet et, commodo vulputate, justo. In blandit ultrices enim.', '2022-08-19 21:40:20', 3, 6),
('Donavon', 'Duis aliquam convallis nunc.', '2022-08-19 21:46:01', 1, 4),
('Donavon', 'In blandit ultrices enim. Lorem ipsum dolor sit amet, consectetuer adipiscing elit.', '2022-08-19 21:58:04', 1, 4),
('Mariette', 'Proin leo odio, porttitor id, consequat in, consequat ut, nulla. Sed accumsan felis.', '2022-08-19 22:01:39', 2, 1),
('Donavon', 'Morbi sem mauris, laoreet ut, rhoncus aliquet, pulvinar sed, nisl.', '2022-08-19 22:13:25', 1, 5),
('Licha', 'Nulla suscipit ligula in lacus.', '2022-08-19 22:31:12', 5, 5),
('Mariette', 'Suspendisse potenti. Nullam porttitor lacus at turpis.', '2022-08-19 22:41:54', 2, 12),
('Hank', 'Mauris lacinia sapien quis libero. Nullam sit amet turpis elementum ligula vehicula consequat.', '2022-08-19 22:44:19', 4, 10),
('Mariette', 'Donec odio justo, sollicitudin ut, suscipit a, feugiat et, eros.', '2022-08-19 23:09:55', 2, 8),
('Hank', 'Morbi ut odio.', '2022-08-19 23:14:58', 4, 3),
('Mariette', 'Aliquam erat volutpat. In congue.', '2022-08-19 23:33:19', 2, 12),
('Licha', 'Integer a nibh.', '2022-08-19 23:34:56', 5, 4),
('Donavon', 'Duis consequat dui nec nisi volutpat eleifend. Donec ut dolor.', '2022-08-19 23:40:50', 1, 11),
('Donavon', 'Curabitur convallis.', '2022-08-19 23:54:43', 1, 8),
('Donavon', 'Sed vel enim sit amet nunc viverra dapibus. Nulla suscipit ligula in lacus.', '2022-08-20 00:03:03', 1, 8),
('Licha', 'In hac habitasse platea dictumst.', '2022-08-20 00:05:50', 5, 1),
('Hank', 'Donec semper sapien a libero. Nam dui.', '2022-08-20 00:08:26', 4, 5),
('Donavon', 'Fusce congue, diam id ornare imperdiet, sapien urna pretium nisl, ut volutpat sapien arcu sed augue.', '2022-08-20 00:33:07', 1, 5),
('Licha', 'Nulla facilisi. Cras non velit nec nisi vulputate nonummy.', '2022-08-20 00:37:25', 5, 11),
('Licha', 'Morbi vestibulum, velit id pretium iaculis, diam erat fermentum justo, nec condimentum neque sapien placerat ante. Nulla justo.', '2022-08-20 01:03:49', 5, 4),
('Staffard', 'Nam ultrices, libero non mattis pulvinar, nulla pede ullamcorper augue, a suscipit nulla elit ac nulla. Sed vel enim sit amet nunc viverra dapibus.', '2022-08-20 01:07:13', 3, 4),
('Donavon', 'Nullam sit amet turpis elementum ligula vehicula consequat. Morbi a ipsum.', '2022-08-20 01:13:23', 1, 9),
('Staffard', 'Quisque arcu libero, rutrum ac, lobortis vel, dapibus at, diam. Nam tristique tortor eu pede.', '2022-08-20 01:14:21', 3, 15),
('Licha', 'Nulla tellus.', '2022-08-20 01:17:34', 5, 4),
('Donavon', 'Morbi sem mauris, laoreet ut, rhoncus aliquet, pulvinar sed, nisl.', '2022-08-20 02:07:00', 1, 8),
('Mariette', 'Duis at velit eu est congue elementum.', '2022-08-20 02:21:03', 2, 6),
('Licha', 'Pellentesque at nulla. Suspendisse potenti.', '2022-08-20 02:34:30', 5, 7),
('Mariette', 'Donec dapibus.', '2022-08-20 02:42:13', 2, 4),
('Staffard', 'Integer tincidunt ante vel ipsum. Praesent blandit lacinia erat.', '2022-08-20 02:48:22', 3, 6),
('Mariette', 'Nulla neque libero, convallis eget, eleifend luctus, ultricies eu, nibh.', '2022-08-20 02:50:11', 2, 6),
('Staffard', 'Nulla tempus. Vivamus in felis eu sapien cursus vestibulum.', '2022-08-20 03:08:54', 3, 12),
('Mariette', 'Curabitur convallis. Duis consequat dui nec nisi volutpat eleifend.', '2022-08-20 03:12:50', 2, 6),
('Donavon', 'Donec odio justo, sollicitudin ut, suscipit a, feugiat et, eros. Vestibulum ac est lacinia nisi venenatis tristique.', '2022-08-20 03:31:36', 1, 4),
('Donavon', 'Nullam molestie nibh in lectus.', '2022-08-20 03:46:32', 1, 6),
('Hank', 'Nullam varius.', '2022-08-20 03:53:10', 4, 5),
('Mariette', 'Mauris enim leo, rhoncus sed, vestibulum sit amet, cursus id, turpis. Integer aliquet, massa id lobortis convallis, tortor risus dapibus augue, vel accumsan tellus nisi eu orci.', '2022-08-20 03:57:11', 2, 1),
('Mariette', 'Donec semper sapien a libero.', '2022-08-20 04:00:24', 2, 2),
('Donavon', 'Curabitur in libero ut massa volutpat convallis. Morbi odio odio, elementum eu, interdum eu, tincidunt in, leo.', '2022-08-20 04:24:09', 1, 9),
('Donavon', 'Vivamus tortor.', '2022-08-20 04:38:45', 1, 6),
('Staffard', 'Fusce consequat.', '2022-08-20 04:44:01', 3, 15),
('Licha', 'Duis aliquam convallis nunc.', '2022-08-20 04:49:53', 5, 5),
('Hank', 'Nunc nisl. Duis bibendum, felis sed interdum venenatis, turpis enim blandit mi, in porttitor pede justo eu massa.', '2022-08-20 04:52:12', 4, 15),
('Staffard', 'Cras mi pede, malesuada in, imperdiet et, commodo vulputate, justo. In blandit ultrices enim.', '2022-08-20 05:02:08', 3, 12),
('Mariette', 'Curabitur at ipsum ac tellus semper interdum.', '2022-08-20 05:30:22', 2, 13),
('Staffard', 'In quis justo. Maecenas rhoncus aliquam lacus.', '2022-08-20 05:40:44', 3, 15),
('Licha', 'Praesent blandit.', '2022-08-20 05:43:20', 5, 5),
('Hank', 'Aenean auctor gravida sem. Praesent id massa id nisl venenatis lacinia.', '2022-08-20 05:46:26', 4, 3),
('Mariette', 'Mauris ullamcorper purus sit amet nulla. Quisque arcu libero, rutrum ac, lobortis vel, dapibus at, diam.', '2022-08-20 05:51:21', 2, 1),
('Staffard', 'Donec diam neque, vestibulum eget, vulputate ut, ultrices vel, augue.', '2022-08-20 06:30:23', 3, 3),
('Staffard', 'In eleifend quam a odio.', '2022-08-20 06:40:14', 3, 4),
('Donavon', 'Morbi sem mauris, laoreet ut, rhoncus aliquet, pulvinar sed, nisl. Nunc rhoncus dui vel sem.', '2022-08-20 06:56:28', 1, 10),
('Licha', 'Nulla nisl.', '2022-08-20 06:59:08', 5, 11),
('Licha', 'Vestibulum rutrum rutrum neque. Aenean auctor gravida sem.', '2022-08-20 07:02:09', 5, 17),
('Mariette', 'Nunc nisl.', '2022-08-20 07:09:10', 2, 1),
('Hank', 'Maecenas pulvinar lobortis est.', '2022-08-20 07:28:30', 4, 15),
('Donavon', 'Aenean sit amet justo.', '2022-08-20 07:46:08', 1, 9),
('Staffard', 'Aenean auctor gravida sem.', '2022-08-20 07:53:29', 3, 9),
('Staffard', 'Phasellus in felis.', '2022-08-20 07:58:30', 3, 15),
('Licha', 'Vestibulum ante ipsum primis in faucibus orci luctus et ultrices posuere cubilia Curae; Mauris viverra diam vitae quam. Suspendisse potenti.', '2022-08-20 08:29:22', 5, 4),
('Staffard', 'Nam congue, risus semper porta volutpat, quam pede lobortis ligula, sit amet eleifend pede libero quis orci. Nullam molestie nibh in lectus.', '2022-08-20 08:35:43', 3, 6),
('Hank', 'Proin interdum mauris non ligula pellentesque ultrices.', '2022-08-20 08:40:24', 4, 13),
('Mariette', 'Integer a nibh.', '2022-08-20 09:14:44', 2, 12),
('Mariette', 'Aliquam quis turpis eget elit sodales scelerisque. Mauris sit amet eros.', '2022-08-20 09:30:13', 2, 8),
('Hank', 'In hac habitasse platea dictumst. Morbi vestibulum, velit id pretium iaculis, diam erat fermentum justo, nec condimentum neque sapien placerat ante.', '2022-08-20 09:31:29', 4, 10),
('Mariette', 'In hac habitasse platea dictumst. Maecenas ut massa quis augue luctus tincidunt.', '2022-08-20 09:34:17', 2, 4),
('Licha', 'Nulla tempus.', '2022-08-20 09:34:38', 5, 1),
('Hank', 'Curabitur convallis.', '2022-08-20 10:12:06', 4, 10),
('Hank', 'Lorem ipsum dolor sit amet, consectetuer adipiscing elit. Proin interdum mauris non ligula pellentesque ultrices.', '2022-08-20 10:24:40', 4, 1),
('Mariette', 'Aenean lectus.', '2022-08-20 10:27:05', 2, 14),
('Staffard', 'Nulla nisl.', '2022-08-20 10:31:59', 3, 15),
('Donavon', 'Maecenas pulvinar lobortis est.', '2022-08-20 10:43:22', 1, 5),
('Mariette', 'Pellentesque eget nunc. Donec quis orci eget orci vehicula condimentum.', '2022-08-20 10:57:07', 2, 1),
('Hank', 'Morbi vel lectus in quam fringilla rhoncus. Mauris enim leo, rhoncus sed, vestibulum sit amet, cursus id, turpis.', '2022-08-20 11:06:19', 4, 5),
('Licha', 'Nam nulla. Integer pede justo, lacinia eget, tincidunt eget, tempus vel, pede.', '2022-08-20 11:32:08', 5, 1),
('Staffard', 'Aliquam sit amet diam in magna bibendum imperdiet. Nullam orci pede, venenatis non, sodales sed, tincidunt eu, felis.', '2022-08-20 11:32:24', 3, 15),
('Staffard', 'Vestibulum quam sapien, varius ut, blandit non, interdum in, ante. Vestibulum ante ipsum primis in faucibus orci luctus et ultrices posuere cubilia Curae; Duis faucibus accumsan odio.', '2022-08-20 11:33:51', 3, 4),
('Licha', 'Maecenas leo odio, condimentum id, luctus nec, molestie sed, justo. Pellentesque viverra pede ac diam.', '2022-08-20 11:55:45', 5, 1),
('Mariette', 'Proin leo odio, porttitor id, consequat in, consequat ut, nulla.', '2022-08-20 12:00:00', 2, 8),
('Staffard', 'Vestibulum quam sapien, varius ut, blandit non, interdum in, ante.', '2022-08-20 12:02:56', 3, 7),
('Licha', 'Nulla mollis molestie lorem.', '2022-08-20 12:13:08', 5, 17),
('Licha', 'Morbi vestibulum, velit id pretium iaculis, diam erat fermentum justo, nec condimentum neque sapien placerat ante.', '2022-08-20 12:20:30', 5, 4),
('Hank', 'Vivamus vel nulla eget eros elementum pellentesque.', '2022-08-20 12:23:10', 4, 17),
('Staffard', 'Aliquam quis turpis eget elit sodales scelerisque.', '2022-08-20 12:25:56', 3, 15),
('Donavon', 'Nulla tempus. Vivamus in felis eu sapien cursus vestibulum.', '2022-08-20 12:37:42', 1, 1),
('Hank', 'Etiam vel augue. Vestibulum rutrum rutrum neque.', '2022-08-20 12:39:28', 4, 3),
('Hank', 'Duis consequat dui nec nisi volutpat eleifend.', '2022-08-20 12:47:00', 4, 5),
('Donavon', 'Quisque erat eros, viverra eget, congue eget, semper rutrum, nulla.', '2022-08-20 12:48:14', 1, 6),
('Licha', 'Sed accumsan felis. Ut at dolor quis odio consequat varius.', '2022-08-20 12:48:50', 5, 4),
('Mariette', 'Vivamus vel nulla eget eros elementum pellentesque. Quisque porta volutpat erat.', '2022-08-20 12:52:30', 2, 8),
('Mariette', 'Nulla tempus.', '2022-08-20 13:00:00', 2, 12),
('Licha', 'Donec odio justo, sollicitudin ut, suscipit a, feugiat et, eros. Vestibulum ac est lacinia nisi venenatis tristique.', '2022-08-20 13:01:56', 5, 4),
('Hank', 'Vivamus in felis eu sapien cursus vestibulum.', '2022-08-20 13:23:11', 4, 5),
('Hank', 'Pellentesque at nulla.', '2022-08-20 13:36:09', 4, 2),
('Hank', 'Morbi quis tortor id nulla ultrices aliquet.', '2022-08-20 13:45:15', 4, 1),
('Donavon', 'In hac habitasse platea dictumst.', '2022-08-20 14:02:34', 1, 8),
('Staffard', 'Quisque id justo sit amet sapien dignissim vestibulum.', '2022-08-20 14:03:19', 3, 3),
('Mariette', 'Nulla facilisi. Cras non velit nec nisi vulputate nonummy.', '2022-08-20 14:23:56', 2, 12),
('Donavon', 'Maecenas rhoncus aliquam lacus.', '2022-08-20 14:38:02', 1, 6),
('Licha', 'Morbi non quam nec dui luctus rutrum. Nulla tellus.', '2022-08-20 14:45:02', 5, 1),
('Licha', 'Suspendisse ornare consequat lectus.', '2022-08-20 15:21:59', 5, 7),
('Mariette', 'Nulla tellus. In sagittis dui vel nisl.', '2022-08-20 15:28:46', 2, 7),
('Licha', 'Duis bibendum. Morbi non quam nec dui luctus rutrum.', '2022-08-20 15:43:12', 5, 5),
('Hank', 'Nulla neque libero, convallis eget, eleifend luctus, ultricies eu, nibh. Quisque id justo sit amet sapien dignissim vestibulum.', '2022-08-20 16:03:09', 4, 15),
('Hank', 'Aenean lectus.', '2022-08-20 16:03:35', 4, 5),
('Hank', 'Pellentesque eget nunc.', '2022-08-20 16:04:01', 4, 15),
('Staffard', 'Vestibulum ante ipsum primis in faucibus orci luctus et ultrices posuere cubilia Curae; Nulla dapibus dolor vel est.', '2022-08-20 16:13:01', 3, 9),
('Licha', 'Cum sociis natoque penatibus et magnis dis parturient montes, nascetur ridiculus mus. Etiam vel augue.', '2022-08-20 16:21:28', 5, 1),
('Staffard', 'Phasellus sit amet erat.', '2022-08-20 16:28:29', 3, 7),
('Donavon', 'Praesent blandit lacinia erat.', '2022-08-20 16:44:37', 1, 9),
('Licha', 'Nullam sit amet turpis elementum ligula vehicula consequat. Morbi a ipsum.', '2022-08-20 16:54:40', 5, 7),
('Hank', 'Vestibulum ac est lacinia nisi venenatis tristique.', '2022-08-20 17:01:53', 4, 2),
('Donavon', 'Nulla justo. Aliquam quis turpis eget elit sodales scelerisque.', '2022-08-20 17:21:41', 1, 8),
('Hank', 'Etiam vel augue.', '2022-08-20 17:34:49', 4, 17),
('Licha', 'Nunc nisl. Duis bibendum, felis sed interdum venenatis, turpis enim blandit mi, in porttitor pede justo eu massa.', '2022-08-20 17:51:20', 5, 17),
('Licha', 'Pellentesque viverra pede ac diam.', '2022-08-20 17:58:36', 5, 14),
('Donavon', 'Integer non velit.', '2022-08-20 18:08:56', 1, 3),
('Licha', 'In quis justo. Maecenas rhoncus aliquam lacus.', '2022-08-20 18:10:18', 5, 5),
('Hank', 'Aenean auctor gravida sem.', '2022-08-20 18:13:04', 4, 17),
('Licha', 'Duis mattis egestas metus.', '2022-08-20 18:15:17', 5, 4),
('Hank', 'Morbi vel lectus in quam fringilla rhoncus.', '2022-08-20 18:36:59', 4, 1),
('Staffard', 'Morbi a ipsum.', '2022-08-20 18:41:30', 3, 15),
('Hank', 'Nulla ut erat id mauris vulputate elementum. Nullam varius.', '2022-08-20 18:42:54', 4, 13),
('Staffard', 'Duis mattis egestas metus.', '2022-08-20 18:49:37', 3, 15),
('Staffard', 'Morbi sem mauris, laoreet ut, rhoncus aliquet, pulvinar sed, nisl. Nunc rhoncus dui vel sem.', '2022-08-20 18:50:19', 3, 9),
('Mariette', 'Proin at turpis a pede posuere nonummy.', '2022-08-20 18:50:50', 2, 14),
('Hank', 'In hac habitasse platea dictumst. Etiam faucibus cursus urna.', '2022-08-20 19:03:32', 4, 15),
('Staffard', 'Sed vel enim sit amet nunc viverra dapibus.', '2022-08-20 19:05:10', 3, 4),
('Mariette', 'Nulla ut erat id mauris vulputate elementum. Nullam varius.', '2022-08-20 19:05:49', 2, 7),
('Staffard', 'Quisque arcu libero, rutrum ac, lobortis vel, dapibus at, diam.', '2022-08-20 19:15:07', 3, 15),
('Staffard', 'Duis at velit eu est congue elementum.', '2022-08-20 19:20:00', 3, 12),
('Hank', 'In blandit ultrices enim.', '2022-08-20 19:31:55', 4, 1),
('Licha', 'Integer pede justo, lacinia eget, tincidunt eget, tempus vel, pede.', '2022-08-20 20:01:58', 5, 11),
('Mariette', 'Proin risus. Praesent lectus.', '2022-08-20 20:07:11', 2, 8),
('Staffard', 'Morbi a ipsum. Integer a nibh.', '2022-08-20 20:22:58', 3, 15),
('Staffard', 'Duis bibendum, felis sed interdum venenatis, turpis enim blandit mi, in porttitor pede justo eu massa.', '2022-08-20 20:28:42', 3, 4),
('Licha', 'Nulla tellus.', '2022-08-20 20:35:42', 5, 11),
('Donavon', 'Nullam porttitor lacus at turpis.', '2022-08-20 20:37:55', 1, 9),
('Hank', 'Etiam faucibus cursus urna.', '2022-08-20 20:45:12', 4, 3),
('Licha', 'Mauris sit amet eros.', '2022-08-20 20:47:43', 5, 7),
('Licha', 'Ut tellus.', '2022-08-20 20:48:28', 5, 16),
('Mariette', 'Curabitur at ipsum ac tellus semper interdum. Mauris ullamcorper purus sit amet nulla.', '2022-08-20 20:54:41', 2, 14),
('Donavon', 'Vestibulum ante ipsum primis in faucibus orci luctus et ultrices posuere cubilia Curae; Donec pharetra, magna vestibulum aliquet ultrices, erat tortor sollicitudin mi, sit amet lobortis sapien sapien non mi.', '2022-08-20 21:00:22', 1, 9),
('Donavon', 'Phasellus id sapien in sapien iaculis congue.', '2022-08-20 21:03:37', 1, 4),
('Hank', 'Quisque arcu libero, rutrum ac, lobortis vel, dapibus at, diam. Nam tristique tortor eu pede.', '2022-08-20 21:08:19', 4, 2),
('Licha', 'Vestibulum quam sapien, varius ut, blandit non, interdum in, ante. Vestibulum ante ipsum primis in faucibus orci luctus et ultrices posuere cubilia Curae; Duis faucibus accumsan odio.', '2022-08-20 21:17:13', 5, 4),
('Staffard', 'Integer ac neque. Duis bibendum.', '2022-08-20 21:23:00', 3, 3),
('Donavon', 'Nulla tempus.', '2022-08-20 21:30:15', 1, 6),
('Mariette', 'Pellentesque at nulla. Suspendisse potenti.', '2022-08-20 21:35:18', 2, 12),
('Licha', 'Suspendisse potenti.', '2022-08-20 21:43:29', 5, 5),
('Hank', 'Integer a nibh. In quis justo.', '2022-08-20 21:59:58', 4, 3),
('Hank', 'Morbi quis tortor id nulla ultrices aliquet.', '2022-08-20 22:07:03', 4, 15),
('Mariette', 'Fusce congue, diam id ornare imperdiet, sapien urna pretium nisl, ut volutpat sapien arcu sed augue.', '2022-08-20 22:08:13', 2, 1),
('Donavon', 'Nunc rhoncus dui vel sem. Sed sagittis.', '2022-08-20 22:27:11', 1, 10),
('Donavon', 'Curabitur gravida nisi at nibh.', '2022-08-20 22:35:32', 1, 4),
('Hank', 'Vivamus metus arcu, adipiscing molestie, hendrerit at, vulputate vitae, nisl. Aenean lectus.', '2022-08-20 22:39:11', 4, 2),
('Hank', 'Morbi non lectus.', '2022-08-20 22:45:19', 4, 2),
('Donavon', 'Mauris ullamcorper purus sit amet nulla.', '2022-08-20 22:51:12', 1, 5),
('Licha', 'Fusce lacus purus, aliquet at, feugiat non, pretium quis, lectus.', '2022-08-20 22:52:27', 5, 5),
('Donavon', 'Nulla suscipit ligula in lacus. Curabitur at ipsum ac tellus semper interdum.', '2022-08-20 22:58:47', 1, 5),
('Staffard', 'Curabitur gravida nisi at nibh.', '2022-08-20 23:16:34', 3, 4),
('Hank', 'Pellentesque ultrices mattis odio. Donec vitae nisi.', '2022-08-20 23:45:20', 4, 5),
('Hank', 'Nulla facilisi. Cras non velit nec nisi vulputate nonummy.', '2022-08-21 00:07:40', 4, 3),
('Licha', 'Morbi ut odio. Cras mi pede, malesuada in, imperdiet et, commodo vulputate, justo.', '2022-08-21 00:14:21', 5, 5),
('Donavon', 'Etiam justo.', '2022-08-21 00:19:36', 1, 8),
('Staffard', 'Maecenas ut massa quis augue luctus tincidunt.', '2022-08-21 00:28:18', 3, 9),
('Hank', 'Praesent lectus.', '2022-08-21 00:43:43', 4, 13),
('Hank', 'In hac habitasse platea dictumst.', '2022-08-21 00:45:17', 4, 10),
('Hank', 'Aliquam sit amet diam in magna bibendum imperdiet.', '2022-08-21 00:48:52', 4, 13),
('Mariette', 'Ut tellus.', '2022-08-21 00:52:29', 2, 7),
('Staffard', 'In tempor, turpis nec euismod scelerisque, quam turpis adipiscing lorem, vitae mattis nibh ligula nec sem. Duis aliquam convallis nunc.', '2022-08-21 00:59:17', 3, 4),
('Staffard', 'Maecenas tristique, est et tempus semper, est quam pharetra magna, ac consequat metus sapien ut nunc. Vestibulum ante ipsum primis in faucibus orci luctus et ultrices posuere cubilia Curae; Mauris viverra diam vitae quam.', '2022-08-21 01:22:49', 3, 3),
('Mariette', 'Cras non velit nec nisi vulputate nonummy.', '2022-08-21 01:31:04', 2, 4),
('Staffard', 'Nulla tempus. Vivamus in felis eu sapien cursus vestibulum.', '2022-08-21 01:32:28', 3, 6),
('Staffard', 'Aliquam augue quam, sollicitudin vitae, consectetuer eget, rutrum at, lorem. Integer tincidunt ante vel ipsum.', '2022-08-21 01:50:02', 3, 6),
('Licha', 'Morbi vestibulum, velit id pretium iaculis, diam erat fermentum justo, nec condimentum neque sapien placerat ante.', '2022-08-21 01:56:16', 5, 4),
('Staffard', 'Sed ante. Vivamus tortor.', '2022-08-21 02:01:09', 3, 9),
('Licha', 'In eleifend quam a odio.', '2022-08-21 02:10:15', 5, 4),
('Licha', 'Morbi non quam nec dui luctus rutrum.', '2022-08-21 02:15:50', 5, 14),
('Staffard', 'Sed ante.', '2022-08-21 02:42:21', 3, 12),
('Licha', 'Vestibulum ante ipsum primis in faucibus orci luctus et ultrices posuere cubilia Curae; Nulla dapibus dolor vel est. Donec odio justo, sollicitudin ut, suscipit a, feugiat et, eros.', '2022-08-21 03:00:04', 5, 7),
('Donavon', 'Etiam vel augue. Vestibulum rutrum rutrum neque.', '2022-08-21 03:01:52', 1, 3),
('Staffard', 'Nam nulla.', '2022-08-21 03:29:12', 3, 16),
('Staffard', 'Etiam faucibus cursus urna.', '2022-08-21 03:29:24', 3, 12),
('Licha', 'Aliquam erat volutpat.', '2022-08-21 03:31:17', 5, 7),
('Mariette', 'Aenean auctor gravida sem. Praesent id massa id nisl venenatis lacinia.', '2022-08-21 03:31:31', 2, 6),
('Staffard', 'Suspendisse potenti.', '2022-08-21 04:11:09', 3, 12),
('Licha', 'Phasellus id sapien in sapien iaculis congue.', '2022-08-21 04:16:33', 5, 4),
('Staffard', 'Pellentesque viverra pede ac diam.', '2022-08-21 04:21:25', 3, 6),
('Staffard', 'Vivamus in felis eu sapien cursus vestibulum. Proin eu mi.', '2022-08-21 04:23:12', 3, 9),
('Licha', 'Proin eu mi.', '2022-08-21 04:26:34', 5, 5),
('Staffard', 'Mauris enim leo, rhoncus sed, vestibulum sit amet, cursus id, turpis. Integer aliquet, massa id lobortis convallis, tortor risus dapibus augue, vel accumsan tellus nisi eu orci.', '2022-08-21 04:28:05', 3, 4),
('Hank', 'Morbi non lectus.', '2022-08-21 04:28:16', 4, 2),
('Staffard', 'Nam congue, risus semper porta volutpat, quam pede lobortis ligula, sit amet eleifend pede libero quis orci. Nullam molestie nibh in lectus.', '2022-08-21 04:40:36', 3, 3),
('Hank', 'Integer pede justo, lacinia eget, tincidunt eget, tempus vel, pede. Morbi porttitor lorem id ligula.', '2022-08-21 04:43:38', 4, 13),
('Staffard', 'Cum sociis natoque penatibus et magnis dis parturient montes, nascetur ridiculus mus. Vivamus vestibulum sagittis sapien.', '2022-08-21 04:49:17', 3, 4),
('Donavon', 'Pellentesque eget nunc. Donec quis orci eget orci vehicula condimentum.', '2022-08-21 05:07:02', 1, 8),
('Staffard', 'Aenean sit amet justo. Morbi ut odio.', '2022-08-21 05:19:39', 3, 12),
('Hank', 'Sed ante. Vivamus tortor.', '2022-08-21 05:21:58', 4, 2),
('Licha', 'Quisque arcu libero, rutrum ac, lobortis vel, dapibus at, diam.', '2022-08-21 05:29:36', 5, 4),
('Staffard', 'Nulla justo.', '2022-08-21 05:30:43', 3, 9),
('Staffard', 'Vestibulum ante ipsum primis in faucibus orci luctus et ultrices posuere cubilia Curae; Donec pharetra, magna vestibulum aliquet ultrices, erat tortor sollicitudin mi, sit amet lobortis sapien sapien non mi.', '2022-08-21 05:31:01', 3, 12),
('Hank', 'Duis ac nibh. Fusce lacus purus, aliquet at, feugiat non, pretium quis, lectus.', '2022-08-21 05:46:16', 4, 5),
('Licha', 'Ut at dolor quis odio consequat varius. Integer ac leo.', '2022-08-21 05:50:29', 5, 4),
('Licha', 'Nullam varius. Nulla facilisi.', '2022-08-21 06:00:26', 5, 17),
('Hank', 'Donec posuere metus vitae ipsum.', '2022-08-21 06:10:54', 4, 13),
('Hank', 'In est risus, auctor sed, tristique in, tempus sit amet, sem. Fusce consequat.', '2022-08-21 06:23:37', 4, 5),
('Hank', 'Integer ac neque.', '2022-08-21 06:39:10', 4, 15),
('Donavon', 'Donec diam neque, vestibulum eget, vulputate ut, ultrices vel, augue. Vestibulum ante ipsum primis in faucibus orci luctus et ultrices posuere cubilia Curae; Donec pharetra, magna vestibulum aliquet ultrices, erat tortor sollicitudin mi, sit amet lobortis sapien sapien non mi.', '2022-08-21 06:53:27', 1, 6),
('Mariette', 'Vivamus in felis eu sapien cursus vestibulum. Proin eu mi.', '2022-08-21 07:06:32', 2, 14),
('Licha', 'Integer tincidunt ante vel ipsum. Praesent blandit lacinia erat.', '2022-08-21 07:25:47', 5, 1),
('Hank', 'Vestibulum sed magna at nunc commodo placerat. Praesent blandit.', '2022-08-21 07:28:56', 4, 2),
('Donavon', 'Cum sociis natoque penatibus et magnis dis parturient montes, nascetur ridiculus mus.', '2022-08-21 07:31:00', 1, 5),
('Mariette', 'Nullam molestie nibh in lectus.', '2022-08-21 07:40:42', 2, 7),
('Licha', 'Morbi vestibulum, velit id pretium iaculis, diam erat fermentum justo, nec condimentum neque sapien placerat ante.', '2022-08-21 07:52:17', 5, 11),
('Mariette', 'Nullam porttitor lacus at turpis.', '2022-08-21 07:59:21', 2, 8),
('Hank', 'Vivamus metus arcu, adipiscing molestie, hendrerit at, vulputate vitae, nisl. Aenean lectus.', '2022-08-21 08:08:19', 4, 10),
('Staffard', 'Pellentesque at nulla. Suspendisse potenti.', '2022-08-21 08:15:40', 3, 4),
('Hank', 'Etiam justo. Etiam pretium iaculis justo.', '2022-08-21 08:52:12', 4, 17),
('Donavon', 'Donec posuere metus vitae ipsum.', '2022-08-21 08:54:50', 1, 3),
('Licha', 'Morbi vestibulum, velit id pretium iaculis, diam erat fermentum justo, nec condimentum neque sapien placerat ante. Nulla justo.', '2022-08-21 09:03:24', 5, 1),
('Licha', 'Nulla ut erat id mauris vulputate elementum.', '2022-08-21 09:08:27', 5, 1),
('Staffard', 'Vivamus tortor. Duis mattis egestas metus.', '2022-08-21 09:20:26', 3, 6),
('Staffard', 'Praesent lectus.', '2022-08-21 09:21:57', 3, 15),
('Staffard', 'In tempor, turpis nec euismod scelerisque, quam turpis adipiscing lorem, vitae mattis nibh ligula nec sem.', '2022-08-21 09:37:31', 3, 15),
('Staffard', 'In hac habitasse platea dictumst.', '2022-08-21 09:40:53', 3, 3),
('Mariette', 'Pellentesque at nulla. Suspendisse potenti.', '2022-08-21 10:11:30', 2, 1),
('Licha', 'Suspendisse ornare consequat lectus.', '2022-08-21 10:19:00', 5, 11),
('Staffard', 'Pellentesque ultrices mattis odio. Donec vitae nisi.', '2022-08-21 10:19:19', 3, 12),
('Donavon', 'Nam congue, risus semper porta volutpat, quam pede lobortis ligula, sit amet eleifend pede libero quis orci.', '2022-08-21 10:45:03', 1, 10),
('Mariette', 'Fusce congue, diam id ornare imperdiet, sapien urna pretium nisl, ut volutpat sapien arcu sed augue. Aliquam erat volutpat.', '2022-08-21 11:10:30', 2, 14),
('Staffard', 'Pellentesque ultrices mattis odio. Donec vitae nisi.', '2022-08-21 11:20:46', 3, 12),
('Hank', 'Pellentesque viverra pede ac diam. Cras pellentesque volutpat dui.', '2022-08-21 11:22:39', 4, 15),
('Donavon', 'Proin eu mi.', '2022-08-21 11:32:23', 1, 5),
('Donavon', 'Etiam pretium iaculis justo. In hac habitasse platea dictumst.', '2022-08-21 11:39:48', 1, 6),
('Hank', 'Vestibulum ac est lacinia nisi venenatis tristique. Fusce congue, diam id ornare imperdiet, sapien urna pretium nisl, ut volutpat sapien arcu sed augue.', '2022-08-21 11:43:51', 4, 5),
('Hank', 'Quisque ut erat.', '2022-08-21 11:48:45', 4, 10),
('Hank', 'Nulla facilisi. Cras non velit nec nisi vulputate nonummy.', '2022-08-21 11:54:52', 4, 13),
('Licha', 'Nulla justo. Aliquam quis turpis eget elit sodales scelerisque.', '2022-08-21 11:59:05', 5, 17),
('Licha', 'Vestibulum sed magna at nunc commodo placerat. Praesent blandit.', '2022-08-21 12:02:22', 5, 5),
('Donavon', 'Fusce congue, diam id ornare imperdiet, sapien urna pretium nisl, ut volutpat sapien arcu sed augue.', '2022-08-21 12:06:16', 1, 5),
('Staffard', 'Quisque ut erat.', '2022-08-21 12:40:00', 3, 16),
('Licha', 'Praesent blandit.', '2022-08-21 12:45:48', 5, 7),
('Hank', 'Integer a nibh. In quis justo.', '2022-08-21 12:46:35', 4, 10),
('Hank', 'Aliquam erat volutpat. In congue.', '2022-08-21 12:59:01', 4, 5),
('Donavon', 'Praesent blandit.', '2022-08-21 13:10:15', 1, 3),
('Mariette', 'Morbi sem mauris, laoreet ut, rhoncus aliquet, pulvinar sed, nisl. Nunc rhoncus dui vel sem.', '2022-08-21 13:25:15', 2, 12),
('Licha', 'Curabitur gravida nisi at nibh.', '2022-08-21 13:39:47', 5, 14),
('Staffard', 'Ut at dolor quis odio consequat varius.', '2022-08-21 13:46:22', 3, 16),
('Licha', 'Phasellus id sapien in sapien iaculis congue.', '2022-08-21 14:23:49', 5, 17),
('Hank', 'Etiam faucibus cursus urna.', '2022-08-21 14:25:13', 4, 5),
('Staffard', 'Duis bibendum.', '2022-08-21 14:26:29', 3, 12),
('Hank', 'In quis justo. Maecenas rhoncus aliquam lacus.', '2022-08-21 14:49:33', 4, 1),
('Mariette', 'Nunc rhoncus dui vel sem.', '2022-08-21 15:14:05', 2, 6),
('Mariette', 'Sed ante. Vivamus tortor.', '2022-08-21 15:21:30', 2, 1),
('Licha', 'Etiam pretium iaculis justo. In hac habitasse platea dictumst.', '2022-08-21 15:22:03', 5, 17),
('Mariette', 'Fusce consequat.', '2022-08-21 15:32:22', 2, 13),
('Mariette', 'Vivamus tortor. Duis mattis egestas metus.', '2022-08-21 16:08:08', 2, 4),
('Licha', 'Aliquam sit amet diam in magna bibendum imperdiet.', '2022-08-21 16:54:33', 5, 17),
('Hank', 'Maecenas ut massa quis augue luctus tincidunt. Nulla mollis molestie lorem.', '2022-08-21 17:05:44', 4, 10),
('Mariette', 'Cras non velit nec nisi vulputate nonummy. Maecenas tincidunt lacus at velit.', '2022-08-21 17:11:32', 2, 2),
('Mariette', 'Donec quis orci eget orci vehicula condimentum. Curabitur in libero ut massa volutpat convallis.', '2022-08-21 17:11:52', 2, 12),
('Mariette', 'Morbi odio odio, elementum eu, interdum eu, tincidunt in, leo. Maecenas pulvinar lobortis est.', '2022-08-21 17:12:27', 2, 14),
('Hank', 'Donec odio justo, sollicitudin ut, suscipit a, feugiat et, eros. Vestibulum ac est lacinia nisi venenatis tristique.', '2022-08-21 17:12:43', 4, 1),
('Hank', 'Morbi vel lectus in quam fringilla rhoncus. Mauris enim leo, rhoncus sed, vestibulum sit amet, cursus id, turpis.', '2022-08-21 17:15:49', 4, 15),
('Mariette', 'Nulla ac enim. In tempor, turpis nec euismod scelerisque, quam turpis adipiscing lorem, vitae mattis nibh ligula nec sem.', '2022-08-21 17:21:42', 2, 4),
('Donavon', 'Pellentesque ultrices mattis odio.', '2022-08-21 17:30:22', 1, 4),
('Staffard', 'Phasellus in felis. Donec semper sapien a libero.', '2022-08-21 17:36:27', 3, 6),
('Licha', 'Ut tellus. Nulla ut erat id mauris vulputate elementum.', '2022-08-21 17:46:09', 5, 14),
('Mariette', 'Donec vitae nisi.', '2022-08-21 17:49:13', 2, 8),
('Mariette', 'Nunc rhoncus dui vel sem. Sed sagittis.', '2022-08-21 17:51:09', 2, 6),
('Donavon', 'Suspendisse potenti. In eleifend quam a odio.', '2022-08-21 17:55:57', 1, 9),
('Licha', 'Morbi quis tortor id nulla ultrices aliquet.', '2022-08-21 18:16:56', 5, 1),
('Donavon', 'Nulla tellus. In sagittis dui vel nisl.', '2022-08-21 18:17:15', 1, 9),
('Staffard', 'Vestibulum ante ipsum primis in faucibus orci luctus et ultrices posuere cubilia Curae; Nulla dapibus dolor vel est.', '2022-08-21 18:26:24', 3, 12),
('Mariette', 'In sagittis dui vel nisl. Duis ac nibh.', '2022-08-21 18:26:57', 2, 2),
('Hank', 'Donec quis orci eget orci vehicula condimentum. Curabitur in libero ut massa volutpat convallis.', '2022-08-21 18:44:18', 4, 5),
('Mariette', 'In est risus, auctor sed, tristique in, tempus sit amet, sem. Fusce consequat.', '2022-08-21 18:49:56', 2, 2),
('Licha', 'Vestibulum quam sapien, varius ut, blandit non, interdum in, ante.', '2022-08-21 18:58:56', 5, 16),
('Mariette', 'Vestibulum sed magna at nunc commodo placerat.', '2022-08-21 18:59:29', 2, 4),
('Hank', 'Mauris enim leo, rhoncus sed, vestibulum sit amet, cursus id, turpis.', '2022-08-21 19:00:19', 4, 5),
('Staffard', 'Proin at turpis a pede posuere nonummy. Integer non velit.', '2022-08-21 19:10:13', 3, 12),
('Staffard', 'In blandit ultrices enim. Lorem ipsum dolor sit amet, consectetuer adipiscing elit.', '2022-08-21 19:27:23', 3, 9),
('Licha', 'Nam dui.', '2022-08-21 19:53:17', 5, 4),
('Staffard', 'Sed vel enim sit amet nunc viverra dapibus. Nulla suscipit ligula in lacus.', '2022-08-21 19:59:33', 3, 12),
('Hank', 'Donec semper sapien a libero.', '2022-08-21 20:04:38', 4, 1),
('Mariette', 'Phasellus sit amet erat. Nulla tempus.', '2022-08-21 20:06:00', 2, 12),
('Donavon', 'Pellentesque at nulla. Suspendisse potenti.', '2022-08-21 20:19:54', 1, 2),
('Licha', 'Curabitur in libero ut massa volutpat convallis.', '2022-08-21 20:22:16', 5, 1),
('Staffard', 'In hac habitasse platea dictumst. Maecenas ut massa quis augue luctus tincidunt.', '2022-08-21 20:34:47', 3, 4),
('Hank', 'Nulla mollis molestie lorem.', '2022-08-21 21:09:17', 4, 15),
('Mariette', 'Duis at velit eu est congue elementum. In hac habitasse platea dictumst.', '2022-08-21 21:09:40', 2, 1),
('Hank', 'Lorem ipsum dolor sit amet, consectetuer adipiscing elit.', '2022-08-21 21:18:36', 4, 13),
('Staffard', 'Proin risus. Praesent lectus.', '2022-08-21 21:24:33', 3, 4),
('Licha', 'Proin eu mi. Nulla ac enim.', '2022-08-21 21:29:25', 5, 4),
('Hank', 'Proin risus. Praesent lectus.', '2022-08-21 21:42:15', 4, 15),
('Staffard', 'Morbi sem mauris, laoreet ut, rhoncus aliquet, pulvinar sed, nisl.', '2022-08-21 21:44:14', 3, 4),
('Hank', 'Nulla mollis molestie lorem.', '2022-08-21 22:15:40', 4, 5),
('Staffard', 'Duis mattis egestas metus. Aenean fermentum.', '2022-08-21 22:27:54', 3, 16),
('Donavon', 'Maecenas pulvinar lobortis est.', '2022-08-21 22:30:56', 1, 10),
('Hank', 'Vivamus metus arcu, adipiscing molestie, hendrerit at, vulputate vitae, nisl. Aenean lectus.', '2022-08-21 22:33:41', 4, 5),
('Licha', 'In sagittis dui vel nisl. Duis ac nibh.', '2022-08-21 22:54:14', 5, 1),
('Donavon', 'Integer pede justo, lacinia eget, tincidunt eget, tempus vel, pede.', '2022-08-21 23:14:31', 1, 2),
('Hank', 'Maecenas tincidunt lacus at velit.', '2022-08-21 23:15:16', 4, 17),
('Licha', 'Duis consequat dui nec nisi volutpat eleifend. Donec ut dolor.', '2022-08-21 23:22:54', 5, 11),
('Mariette', 'Vivamus vestibulum sagittis sapien.', '2022-08-21 23:42:43', 2, 6),
('Mariette', 'Duis bibendum, felis sed interdum venenatis, turpis enim blandit mi, in porttitor pede justo eu massa.', '2022-08-21 23:45:48', 2, 8),
('Hank', 'Cum sociis natoque penatibus et magnis dis parturient montes, nascetur ridiculus mus.', '2022-08-21 23:49:55', 4, 3);